Seconds,top,bot,mid,midVoltage,gain,offset,offsetVoltage,diffAmpMultiplier,,sensor1,sensor2,sensor1_est,sensor2_est,,sensor2Previous,sensor2RawDelta,sensor2DeltaStep,sensor2DeltaPerStep
6.641,81,77,103,0.188403605,255,141,1.645299815,102.7346115,,1.72921875,0.618150875,1.728854853,0.580766082,,,,103,
7.252,81,77,104,0.188441198,255,141,1.645299815,102.7346115,,1.7285015,0.753871125,1.727533777,0.654452482,,0.618150875,0.13572025,1,0.13572025
7.915,81,77,105,0.18847879,255,141,1.645299815,102.7346115,,1.72678275,0.866680125,1.726435715,0.831027596,,0.753871125,0.112809,1,0.112809
8.574,81,77,106,0.188516383,255,141,1.645299815,102.7346115,,1.72589275,0.982501625,1.725308329,0.9224614,,0.866680125,0.1158215,1,0.1158215
9.185,81,77,107,0.188553975,255,141,1.645299815,102.7346115,,1.725052625,1.102155125,1.724143644,1.008771316,,0.982501625,0.1196535,1,0.1196535
9.845,81,77,108,0.188591567,255,141,1.645299815,102.7346115,,1.723246875,1.219960125,1.722996952,1.19428434,,1.102155125,0.117805,1,0.117805
10.508,81,77,109,0.18862916,255,141,1.645299815,102.7346115,,1.722570625,1.34026375,1.721825938,1.263758621,,1.219960125,0.120303625,1,0.120303625
11.17,81,77,110,0.188666752,255,141,1.645299815,102.7346115,,1.721852,1.45480175,1.720711046,1.337586282,,1.34026375,0.114538,1,0.114538
11.827,81,77,111,0.188704344,255,141,1.645299815,102.7346115,,1.71992925,1.574386625,1.719547029,1.535119256,,1.45480175,0.119584875,1,0.119584875
12.438,81,77,112,0.188741937,255,141,1.645299815,102.7346115,,1.71931275,1.71416925,1.71818641,1.598455144,,1.574386625,0.139782625,1,0.139782625
13.101,81,77,113,0.188779529,255,141,1.645299815,102.7346115,,1.718105875,1.831370625,1.717045593,1.722442978,,1.71416925,0.117201375,1,0.117201375
13.761,81,77,114,0.188817122,255,141,1.645299815,102.7346115,,1.716521875,1.94792075,1.715911115,1.885174603,,1.831370625,0.116550125,1,0.116550125
14.421,81,77,115,0.188854714,255,141,1.645299815,102.7346115,,1.716015625,2.063481375,1.714786269,1.937184,,1.94792075,0.115560625,1,0.115560625
15.083,81,77,116,0.188892306,255,141,1.645299815,102.7346115,,1.714573625,2.183561125,1.713617435,2.08532731,,2.063481375,0.12007975,1,0.12007975
15.692,81,77,117,0.188929899,255,141,1.645299815,102.7346115,,1.713126,2.303198625,1.712452905,2.234048502,,2.183561125,0.1196375,1,0.1196375
16.353,81,77,118,0.188967491,255,141,1.645299815,102.7346115,,1.712672,2.412166,1.711392237,2.280690015,,2.303198625,0.108967375,1,0.108967375
17.014,81,77,119,0.189005084,255,141,1.645299815,102.7346115,,1.71103375,2.53263825,1.710219582,2.448994993,,2.412166,0.12047225,1,0.12047225
17.674,81,77,120,0.189042676,255,141,1.645299815,102.7346115,,1.709756625,2.670959,1.708873193,2.580199933,,2.53263825,0.13832075,1,0.13832075
23.907,81,77,99,0.188253236,192,141,1.645299815,77.80435686,,1.733487125,0.545775625,1.73321589,0.52467239,,,,99,
24.521,81,77,100,0.188290828,192,141,1.645299815,77.80435686,,1.732343125,0.639821,1.732007149,0.613680574,,0.545775625,0.094045375,1,0.094045375
25.131,81,77,101,0.188328421,192,141,1.645299815,77.80435686,,1.731915,0.730045625,1.730847514,0.646990565,,0.639821,0.090224625,1,0.090224625
25.791,81,77,102,0.188366013,192,141,1.645299815,77.80435686,,1.7303525,0.8163705,1.729738002,0.768559872,,0.730045625,0.086324875,1,0.086324875
26.451,81,77,103,0.188403605,192,141,1.645299815,77.80435686,,1.7291285,0.911023,1.728521457,0.863792405,,0.8163705,0.0946525,1,0.0946525
27.112,81,77,104,0.188441198,192,141,1.645299815,77.80435686,,1.728267125,1.013018625,1.727210533,0.930811133,,0.911023,0.101995625,1,0.101995625
27.775,81,77,105,0.18847879,192,141,1.645299815,77.80435686,,1.7263475,1.0993585,1.726100828,1.080166321,,1.013018625,0.086339875,1,0.086339875
28.436,81,77,106,0.188516383,192,141,1.645299815,77.80435686,,1.725782875,1.187364125,1.724969713,1.124096606,,1.0993585,0.088005625,1,0.088005625
29.098,81,77,107,0.188553975,192,141,1.645299815,77.80435686,,1.724447875,1.284906625,1.723716024,1.227965423,,1.187364125,0.0975425,1,0.0975425
29.76,81,77,108,0.188591567,192,141,1.645299815,77.80435686,,1.7229505,1.369598125,1.722627505,1.344467722,,1.284906625,0.0846915,1,0.0846915
30.372,81,77,109,0.18862916,192,141,1.645299815,77.80435686,,1.722477875,1.461181875,1.721450402,1.381240006,,1.369598125,0.09158375,1,0.09158375
31.032,81,77,110,0.188666752,192,141,1.645299815,77.80435686,,1.72083,1.553502625,1.720263827,1.50945186,,1.461181875,0.09232075,1,0.09232075
31.692,81,77,111,0.188704344,192,141,1.645299815,77.80435686,,1.719571,1.64434275,1.719096281,1.607407546,,1.553502625,0.090840125,1,0.090840125
32.305,81,77,112,0.188741937,192,141,1.645299815,77.80435686,,1.719101,1.743745,1.717818689,1.643975593,,1.64434275,0.09940225,1,0.09940225
32.97,81,77,113,0.188779529,192,141,1.645299815,77.80435686,,1.71733825,1.837582625,1.716612617,1.781125224,,1.743745,0.093837625,1,0.093837625
33.632,81,77,114,0.188817122,192,141,1.645299815,77.80435686,,1.7162875,1.92482375,1.715491329,1.862878151,,1.837582625,0.087241125,1,0.087241125
34.241,81,77,115,0.188854714,192,141,1.645299815,77.80435686,,1.71581175,2.009482625,1.714403229,1.899893574,,1.92482375,0.084658875,1,0.084658875
34.853,81,77,116,0.188892306,192,141,1.645299815,77.80435686,,1.713837125,2.1040045,1.713188363,2.053528002,,2.009482625,0.094521875,1,0.094521875
35.528,81,77,117,0.188929899,192,141,1.645299815,77.80435686,,1.712976375,2.191262875,1.712066853,2.120498103,,2.1040045,0.087258375,1,0.087258375
36.204,81,77,118,0.188967491,192,141,1.645299815,77.80435686,,1.71228575,2.273976125,1.71100376,2.174231737,,2.191262875,0.08271325,1,0.08271325
36.868,81,77,119,0.189005084,192,141,1.645299815,77.80435686,,1.710499875,2.368545125,1.709788288,2.313180592,,2.273976125,0.094569,1,0.094569
37.481,81,77,120,0.189042676,192,141,1.645299815,77.80435686,,1.709676625,2.463575125,1.708566892,2.377233029,,2.368545125,0.09503,1,0.09503
38.138,81,77,121,0.189080268,192,141,1.645299815,77.80435686,,1.708702125,2.552088125,1.707429256,2.453053375,,2.463575125,0.088513,1,0.088513
38.763,81,77,122,0.189117861,192,141,1.645299815,77.80435686,,1.7069255,2.647122375,1.706207805,2.59128254,,2.552088125,0.09503425,1,0.09503425
39.425,81,77,123,0.189155453,192,141,1.645299815,77.80435686,,1.706402875,2.733720125,1.705094785,2.631945042,,2.647122375,0.08659775,1,0.08659775
44.939,81,77,93,0.188027682,128,141,1.645299815,52.47838389,,1.74001075,0.585178375,1.739736941,0.570809346,,,,93,
45.551,81,77,94,0.188065274,128,141,1.645299815,52.47838389,,1.73881775,0.64640025,1.73857033,0.633416058,,0.585178375,0.061221875,1,0.061221875
46.213,81,77,95,0.188102866,128,141,1.645299815,52.47838389,,1.737837875,0.71159,1.737328109,0.684838314,,0.64640025,0.06518975,1,0.06518975
46.884,81,77,96,0.188140459,128,141,1.645299815,52.47838389,,1.735923875,0.780402375,1.736016857,0.785281941,,0.71159,0.068812375,1,0.068812375
47.506,81,77,97,0.188178051,128,141,1.645299815,52.47838389,,1.735463625,0.84022675,1.734876876,0.809435117,,0.780402375,0.059824375,1,0.059824375
48.116,81,77,98,0.188215644,128,141,1.645299815,52.47838389,,1.734434625,0.898768875,1.733761329,0.863435374,,0.84022675,0.058542125,1,0.058542125
48.779,81,77,99,0.188253236,128,141,1.645299815,52.47838389,,1.7328045,0.9542255,1.732704577,0.9489817,,0.898768875,0.055456625,1,0.055456625
49.39,81,77,100,0.188290828,128,141,1.645299815,52.47838389,,1.732214625,1.014328375,1.731559289,0.979937386,,0.9542255,0.060102875,1,0.060102875
49.999,81,77,101,0.188328421,128,141,1.645299815,52.47838389,,1.731420375,1.07349775,1.730431789,1.021618343,,1.014328375,0.059169375,1,0.059169375
50.659,81,77,102,0.188366013,128,141,1.645299815,52.47838389,,1.729563125,1.13717875,1.729218318,1.119083821,,1.07349775,0.063681,1,0.063681
51.321,81,77,103,0.188403605,128,141,1.645299815,52.47838389,,1.728945875,1.1978465,1.728062266,1.151476104,,1.13717875,0.06066775,1,0.06066775
51.933,81,77,104,0.188441198,128,141,1.645299815,52.47838389,,1.727470625,1.268526,1.726715435,1.22889484,,1.1978465,0.0706795,1,0.0706795
52.594,81,77,105,0.18847879,128,141,1.645299815,52.47838389,,1.72602275,1.327242375,1.725596567,1.30487698,,1.268526,0.058716375,1,0.058716375
53.256,81,77,106,0.188516383,128,141,1.645299815,52.47838389,,1.725290625,1.3912225,1.724377396,1.343297717,,1.327242375,0.063980125,1,0.063980125
53.865,81,77,107,0.188553975,128,141,1.645299815,52.47838389,,1.723536,1.45084,1.723241357,1.435377601,,1.3912225,0.0596175,1,0.0596175
54.478,81,77,108,0.188591567,128,141,1.645299815,52.47838389,,1.722670625,1.511695125,1.722081734,1.480791082,,1.45084,0.060855125,1,0.060855125
55.139,81,77,109,0.18862916,128,141,1.645299815,52.47838389,,1.72205875,1.57230925,1.720926704,1.512901293,,1.511695125,0.060614125,1,0.060614125
55.802,81,77,110,0.188666752,128,141,1.645299815,52.47838389,,1.7201965,1.632374625,1.71978213,1.610629164,,1.57230925,0.060065375,1,0.060065375
56.464,81,77,111,0.188704344,128,141,1.645299815,52.47838389,,1.719392125,1.69405775,1.71860673,1.652841464,,1.632374625,0.061683125,1,0.061683125
57.127,81,77,112,0.188741937,128,141,1.645299815,52.47838389,,1.71844225,1.764996625,1.717254956,1.702689369,,1.69405775,0.070938875,1,0.070938875
57.74,81,77,113,0.188779529,128,141,1.645299815,52.47838389,,1.716836125,1.822125375,1.716166341,1.786976213,,1.764996625,0.05712875,1,0.05712875
58.405,81,77,114,0.188817122,128,141,1.645299815,52.47838389,,1.716077125,1.885492875,1.714958844,1.826807306,,1.822125375,0.0633675,1,0.0633675
59.066,81,77,115,0.188854714,128,141,1.645299815,52.47838389,,1.7150195,1.946918625,1.713788348,1.882309757,,1.885492875,0.06142575,1,0.06142575
59.68,81,77,116,0.188892306,128,141,1.645299815,52.47838389,,1.713324875,2.00684675,1.71264639,1.971240939,,1.946918625,0.059928125,1,0.059928125
60.345,81,77,117,0.188929899,128,141,1.645299815,52.47838389,,1.7127245,2.066778,1.711504372,2.002747648,,2.00684675,0.05993125,1,0.05993125
61.008,81,77,118,0.188967491,128,141,1.645299815,52.47838389,,1.711398,2.1233995,1.710425423,2.072360224,,2.066778,0.0566215,1,0.0566215
61.617,81,77,119,0.189005084,128,141,1.645299815,52.47838389,,1.709949375,2.185292125,1.70924603,2.148381723,,2.1233995,0.061892625,1,0.061892625
62.279,81,77,120,0.189042676,128,141,1.645299815,52.47838389,,1.70940675,2.251601,1.707982484,2.176857806,,2.185292125,0.066308875,1,0.066308875
62.94,81,77,121,0.189080268,128,141,1.645299815,52.47838389,,1.70775925,2.311235125,1.706846128,2.263315944,,2.251601,0.059634125,1,0.059634125
63.551,81,77,122,0.189117861,128,141,1.645299815,52.47838389,,1.706663625,2.367945,1.705765495,2.320812573,,2.311235125,0.056709875,1,0.056709875
64.16,81,77,123,0.189155453,128,141,1.645299815,52.47838389,,1.70623375,2.431042625,1.70456314,2.343371718,,2.367945,0.063097625,1,0.063097625
64.826,81,77,124,0.189193045,128,141,1.645299815,52.47838389,,1.7046735,2.489852,1.7034425,2.425251117,,2.431042625,0.058809375,1,0.058809375
65.435,81,77,125,0.189230638,128,141,1.645299815,52.47838389,,1.703421125,2.549602875,1.702303919,2.490973733,,2.489852,0.059750875,1,0.059750875
66.098,81,77,126,0.18926823,128,141,1.645299815,52.47838389,,1.70299525,2.60492275,1.701249774,2.513322965,,2.549602875,0.055319875,1,0.055319875
66.759,81,77,127,0.189305823,128,141,1.645299815,52.47838389,,1.701252625,2.66852375,1.700037827,2.604773108,,2.60492275,0.063601,1,0.063601
67.422,81,77,128,0.189343415,128,141,1.645299815,52.47838389,,1.70007925,2.7335615,1.698798502,2.666349932,,2.66852375,0.06503775,1,0.06503775
73.017,81,77,86,0.187764535,96,141,1.645299815,39.8153974,,1.747706125,0.55892525,1.747262613,0.541266634,,,,86,
73.627,81,77,87,0.187802127,96,141,1.645299815,39.8153974,,1.7456775,0.608990125,1.746005188,0.622037144,,0.55892525,0.050064875,1,0.050064875
74.292,81,77,88,0.18783972,96,141,1.645299815,39.8153974,,1.745127875,0.658128125,1.744771042,0.643920682,,0.608990125,0.049138,1,0.049138
74.954,81,77,89,0.187877312,96,141,1.645299815,39.8153974,,1.744096,0.706539875,1.743555137,0.685005195,,0.658128125,0.04841175,1,0.04841175
75.565,81,77,90,0.187914905,96,141,1.645299815,39.8153974,,1.742409625,0.751543625,1.742424827,0.752148886,,0.706539875,0.04500375,1,0.04500375
76.175,81,77,91,0.187952497,96,141,1.645299815,39.8153974,,1.741875875,0.795837,1.741312358,0.773400354,,0.751543625,0.044293375,1,0.044293375
76.837,81,77,92,0.187990089,96,141,1.645299815,39.8153974,,1.740595375,0.845216875,1.740072138,0.824383971,,0.795837,0.049379875,1,0.049379875
77.501,81,77,93,0.188027682,96,141,1.645299815,39.8153974,,1.738991875,0.88979325,1.738952561,0.888227961,,0.845216875,0.044576375,1,0.044576375
78.163,81,77,94,0.188065274,96,141,1.645299815,39.8153974,,1.738339625,0.933723,1.737849226,0.914197554,,0.88979325,0.04392975,1,0.04392975
78.827,81,77,95,0.188102866,96,141,1.645299815,39.8153974,,1.736705,0.981007625,1.736661629,0.979280798,,0.933723,0.047284625,1,0.047284625
79.437,81,77,96,0.188140459,96,141,1.645299815,39.8153974,,1.73553875,1.033146125,1.735352123,1.025715505,,0.981007625,0.0521385,1,0.0521385
80.097,81,77,97,0.188178051,96,141,1.645299815,39.8153974,,1.735026125,1.077279125,1.734243683,1.046125873,,1.033146125,0.044133,1,0.044133
80.761,81,77,98,0.188215644,96,141,1.645299815,39.8153974,,1.73299825,1.127882375,1.732972736,1.126866522,,1.077279125,0.05060325,1,0.05060325
81.373,81,77,99,0.188253236,96,141,1.645299815,39.8153974,,1.7323175,1.170096125,1.731912499,1.153970854,,1.127882375,0.04221375,1,0.04221375
81.984,81,77,100,0.188290828,96,141,1.645299815,39.8153974,,1.731666875,1.219771875,1.730664847,1.179875747,,1.170096125,0.04967575,1,0.04967575
82.651,81,77,101,0.188328421,96,141,1.645299815,39.8153974,,1.729947875,1.265116625,1.729525973,1.248318415,,1.219771875,0.04534475,1,0.04534475
83.26,81,77,102,0.188366013,96,141,1.645299815,39.8153974,,1.729085,1.309128,1.728420587,1.282674126,,1.265116625,0.044011375,1,0.044011375
83.871,81,77,103,0.188403605,96,141,1.645299815,39.8153974,,1.728377625,1.355873,1.727246544,1.310838542,,1.309128,0.046745,1,0.046745
84.482,81,77,104,0.188441198,96,141,1.645299815,39.8153974,,1.72630925,1.407286125,1.725955256,1.393191715,,1.355873,0.051413125,1,0.051413125
85.142,81,77,105,0.18847879,96,141,1.645299815,39.8153974,,1.725599625,1.4540855,1.724779847,1.421445716,,1.407286125,0.046799375,1,0.046799375
85.75,81,77,106,0.188516383,96,141,1.645299815,39.8153974,,1.7241565,1.499215875,1.723646357,1.478904312,,1.4540855,0.045130375,1,0.045130375
86.414,81,77,107,0.188553975,96,141,1.645299815,39.8153974,,1.722839625,1.5452365,1.722490507,1.531336213,,1.499215875,0.046020625,1,0.046020625
87.077,81,77,108,0.188591567,96,141,1.645299815,39.8153974,,1.722389,1.58887175,1.721394568,1.549278027,,1.5452365,0.04363525,1,0.04363525
87.688,81,77,109,0.18862916,96,141,1.645299815,39.8153974,,1.72088525,1.63691475,1.720187924,1.609150431,,1.58887175,0.048043,1,0.048043
88.3,81,77,110,0.188666752,96,141,1.645299815,39.8153974,,1.719616125,1.68164,1.719064608,1.659681147,,1.63691475,0.04472525,1,0.04472525
88.957,81,77,111,0.188704344,96,141,1.645299815,39.8153974,,1.719165,1.728911625,1.717877338,1.677642868,,1.68164,0.047271625,1,0.047271625
89.567,81,77,112,0.188741937,96,141,1.645299815,39.8153974,,1.717450125,1.780980875,1.716569572,1.745921298,,1.728911625,0.05206925,1,0.05206925
90.229,81,77,113,0.188779529,96,141,1.645299815,39.8153974,,1.716178875,1.82888625,1.715366385,1.796536621,,1.780980875,0.047905375,1,0.047905375
90.889,81,77,114,0.188817122,96,141,1.645299815,39.8153974,,1.7156165,1.875724,1.714190012,1.818927806,,1.82888625,0.04683775,1,0.04683775
91.551,81,77,115,0.188854714,96,141,1.645299815,39.8153974,,1.71396975,1.918938875,1.713104631,1.884493811,,1.875724,0.043214875,1,0.043214875
92.212,81,77,116,0.188892306,96,141,1.645299815,39.8153974,,1.712898875,1.96554175,1.711934157,1.927131125,,1.918938875,0.046602875,1,0.046602875
92.886,81,77,117,0.188929899,96,141,1.645299815,39.8153974,,1.71187675,2.011672375,1.710775544,1.967827438,,1.96554175,0.046130625,1,0.046130625
93.549,81,77,118,0.188967491,96,141,1.645299815,39.8153974,,1.710354125,2.0535395,1.709724013,2.028451357,,2.011672375,0.041867125,1,0.041867125
94.16,81,77,119,0.189005084,96,141,1.645299815,39.8153974,,1.709633625,2.101729375,1.708513681,2.057138351,,2.0535395,0.048189875,1,0.048189875
94.771,81,77,120,0.189042676,96,141,1.645299815,39.8153974,,1.708593125,2.1524965,1.707238618,2.098566272,,2.101729375,0.050767125,1,0.050767125
95.431,81,77,121,0.189080268,96,141,1.645299815,39.8153974,,1.70696725,2.1967475,1.706127214,2.163301132,,2.1524965,0.044251,1,0.044251
96.042,81,77,122,0.189117861,96,141,1.645299815,39.8153974,,1.706393125,2.241624625,1.705000084,2.186160147,,2.1967475,0.044877125,1,0.044877125
96.704,81,77,123,0.189155453,96,141,1.645299815,39.8153974,,1.705330875,2.288011,1.703835048,2.228454052,,2.241624625,0.046386375,1,0.046386375
97.366,81,77,124,0.189193045,96,141,1.645299815,39.8153974,,1.703734125,2.33356,1.702691043,2.292029288,,2.288011,0.045549,1,0.045549
97.987,81,77,125,0.189230638,96,141,1.645299815,39.8153974,,1.703111875,2.377234,1.701594131,2.316804419,,2.33356,0.043674,1,0.043674
98.651,81,77,126,0.18926823,96,141,1.645299815,39.8153974,,1.702096375,2.42128875,1.700487656,2.357236955,,2.377234,0.04405475,1,0.04405475
99.311,81,77,127,0.189305823,96,141,1.645299815,39.8153974,,1.70037525,2.467056625,1.699338154,2.425764231,,2.42128875,0.045767875,1,0.045767875
99.921,81,77,128,0.189343415,96,141,1.645299815,39.8153974,,1.69947975,2.519425875,1.698022852,2.46141892,,2.467056625,0.05236925,1,0.05236925
100.532,81,77,129,0.189381007,96,141,1.645299815,39.8153974,,1.69781825,2.56452475,1.696890153,2.527572202,,2.519425875,0.045098875,1,0.045098875
101.194,81,77,130,0.1894186,96,141,1.645299815,39.8153974,,1.6968635,2.608737,1.695779722,2.565585953,,2.56452475,0.04421225,1,0.04421225
101.855,81,77,131,0.189456192,96,141,1.645299815,39.8153974,,1.696368625,2.6534905,1.694655697,2.585289598,,2.608737,0.0447535,1,0.0447535
102.464,81,77,132,0.189493784,96,141,1.645299815,39.8153974,,1.69471125,2.698262375,1.693531211,2.651278642,,2.6534905,0.044771875,1,0.044771875
103.076,81,77,133,0.189531377,96,141,1.645299815,39.8153974,,1.69374725,2.739882125,1.692485893,2.689660685,,2.698262375,0.04161975,1,0.04161975
103.739,81,77,134,0.189568969,96,141,1.645299815,39.8153974,,1.6932045,2.7848745,1.691355868,2.711270492,,2.739882125,0.044992375,1,0.044992375
109.405,81,77,74,0.187313426,64,141,1.645299815,27.15241091,,1.76049025,0.57242675,1.760343604,0.56844495,,,,74,
110.069,81,77,76,0.187388611,64,141,1.645299815,27.15241091,,1.758046375,0.635111875,1.758034964,0.634802048,,0.57242675,0.062685125,2,0.031342563
110.731,81,77,78,0.187463796,64,141,1.645299815,27.15241091,,1.755375875,0.69659175,1.755770713,0.707312561,,0.635111875,0.061479875,2,0.030739937
111.342,81,77,80,0.187538981,64,141,1.645299815,27.15241091,,1.753892375,0.764068125,1.753285616,0.747593163,,0.69659175,0.067476375,2,0.033738187
111.952,81,77,82,0.187614165,64,141,1.645299815,27.15241091,,1.751289125,0.826812375,1.750974799,0.818277677,,0.764068125,0.06274425,2,0.031372125
112.619,81,77,84,0.18768935,64,141,1.645299815,27.15241091,,1.7485,0.8901665,1.748641521,0.894009145,,0.826812375,0.063354125,2,0.031677063
113.226,81,77,86,0.187764535,64,141,1.645299815,27.15241091,,1.746139,0.952581125,1.746342844,0.958115987,,0.8901665,0.062414625,2,0.031207312
113.888,81,77,88,0.18783972,64,141,1.645299815,27.15241091,,1.744547625,1.018937125,1.74389901,1.001325655,,0.952581125,0.066356,2,0.033178
114.545,81,77,90,0.187914905,64,141,1.645299815,27.15241091,,1.741980625,1.081606375,1.741590955,1.071025894,,1.018937125,0.06266925,2,0.031334625
115.154,81,77,92,0.187990089,64,141,1.645299815,27.15241091,,1.7394115,1.14327525,1.739319743,1.140783831,,1.081606375,0.061668875,2,0.030834437
115.816,81,77,94,0.188065274,64,141,1.645299815,27.15241091,,1.737158,1.204945125,1.737048495,1.201971789,,1.14327525,0.061669875,2,0.030834938
116.477,81,77,96,0.188140459,64,141,1.645299815,27.15241091,,1.735270375,1.273416625,1.734526748,1.253225359,,1.204945125,0.0684715,2,0.03423575
117.096,81,77,98,0.188215644,64,141,1.645299815,27.15241091,,1.73240475,1.336270125,1.732211908,1.331033987,,1.273416625,0.0628535,2,0.03142675
117.757,81,77,100,0.188290828,64,141,1.645299815,27.15241091,,1.730417625,1.397523125,1.729956012,1.384989221,,1.336270125,0.061253,2,0.0306265
118.42,81,77,102,0.188366013,64,141,1.645299815,27.15241091,,1.72887875,1.46042625,1.727639344,1.426773387,,1.397523125,0.062903125,2,0.031451562
119.084,81,77,104,0.188441198,64,141,1.645299815,27.15241091,,1.725825,1.52685725,1.725192747,1.509690062,,1.46042625,0.066431,2,0.0332155
119.744,81,77,106,0.188516383,64,141,1.645299815,27.15241091,,1.723007875,1.589657375,1.722879872,1.586181798,,1.52685725,0.062800125,2,0.031400062
120.404,81,77,108,0.188591567,64,141,1.645299815,27.15241091,,1.721559625,1.652474375,1.720566376,1.625505277,,1.589657375,0.062817,2,0.0314085
121.065,81,77,110,0.188666752,64,141,1.645299815,27.15241091,,1.719342875,1.712252,1.718364818,1.685695384,,1.652474375,0.059777625,2,0.029888813
121.729,81,77,112,0.188741937,64,141,1.645299815,27.15241091,,1.7164825,1.78005175,1.715867811,1.763361461,,1.712252,0.06779975,2,0.033899875
122.342,81,77,114,0.188817122,64,141,1.645299815,27.15241091,,1.714866125,1.84225825,1.713576799,1.807249939,,1.78005175,0.0622065,2,0.03110325
122.957,81,77,116,0.188892306,64,141,1.645299815,27.15241091,,1.712536625,1.9044155,1.711287601,1.870501481,,1.84225825,0.06215725,2,0.031078625
123.567,81,77,118,0.188967491,64,141,1.645299815,27.15241091,,1.709805,1.965565625,1.709035494,1.944671685,,1.9044155,0.061150125,2,0.030575062
124.228,81,77,120,0.189042676,64,141,1.645299815,27.15241091,,1.707374,2.03133975,1.70661309,2.010679196,,1.965565625,0.065774125,2,0.032887062
124.838,81,77,122,0.189117861,64,141,1.645299815,27.15241091,,1.70598425,2.093305375,1.704330949,2.048414259,,2.03133975,0.061965625,2,0.030982813
125.457,81,77,124,0.189193045,64,141,1.645299815,27.15241091,,1.703391625,2.15194175,1.702171421,2.118810278,,2.093305375,0.058636375,2,0.029318187
126.07,81,77,126,0.18926823,64,141,1.645299815,27.15241091,,1.7011895,2.213026,1.699921741,2.178603281,,2.15194175,0.06108425,2,0.030542125
126.732,81,77,128,0.189343415,64,141,1.645299815,27.15241091,,1.698816375,2.277984875,1.697529361,2.243039347,,2.213026,0.064958875,2,0.032479438
127.339,81,77,130,0.1894186,64,141,1.645299815,27.15241091,,1.696789375,2.337044625,1.695354241,2.298077283,,2.277984875,0.05905975,2,0.029529875
127.95,81,77,132,0.189493784,64,141,1.645299815,27.15241091,,1.69418075,2.39733175,1.693133918,2.368907741,,2.337044625,0.060287125,2,0.030143562
128.613,81,77,134,0.189568969,64,141,1.645299815,27.15241091,,1.692824125,2.4579485,1.690901455,2.405743381,,2.39733175,0.06061675,2,0.030308375
129.275,81,77,136,0.189644154,64,141,1.645299815,27.15241091,,1.6902785,2.523113,1.688501503,2.474863237,,2.4579485,0.0651645,2,0.03258225
129.936,81,77,138,0.189719339,64,141,1.645299815,27.15241091,,1.687731,2.582007125,1.686332483,2.544034004,,2.523113,0.058894125,2,0.029447063
130.614,81,77,140,0.189794523,64,141,1.645299815,27.15241091,,1.685570875,2.642057875,1.684120865,2.602686605,,2.582007125,0.06005075,2,0.030025375
131.276,81,77,142,0.189869708,64,141,1.645299815,27.15241091,,1.683784625,2.70211275,1.681909095,2.651187599,,2.642057875,0.060054875,2,0.030027437
131.939,81,77,144,0.189944893,64,141,1.645299815,27.15241091,,1.680945375,2.7682415,1.67947363,2.728280082,,2.70211275,0.06612875,2,0.033064375
137.409,81,77,62,0.186862318,48,141,1.645299815,20.82091767,,1.774198875,0.551534625,1.774178503,0.551110464,,,,62,
138.07,81,77,65,0.186975095,48,141,1.645299815,20.82091767,,1.770839125,0.627831,1.770514093,0.621063542,,0.551534625,0.076296375,3,0.025432125
138.732,81,77,68,0.187087872,48,141,1.645299815,20.82091767,,1.7675805,0.70129925,1.766985514,0.688911105,,0.627831,0.07346825,3,0.024489417
139.396,81,77,71,0.187200649,48,141,1.645299815,20.82091767,,1.7632705,0.774871625,1.763451935,0.77864926,,0.70129925,0.073572375,3,0.024524125
140.058,81,77,74,0.187313426,48,141,1.645299815,20.82091767,,1.759620625,0.851871375,1.759753743,0.854643007,,0.774871625,0.07699975,3,0.025666583
140.723,81,77,77,0.187426204,48,141,1.645299815,20.82091767,,1.7564695,0.9233295,1.756321707,0.920252321,,0.851871375,0.071458125,3,0.023819375
141.335,81,77,80,0.187538981,48,141,1.645299815,20.82091767,,1.75267625,0.999377125,1.752669245,0.999231267,,0.9233295,0.076047625,3,0.025349208
141.949,81,77,83,0.187651758,48,141,1.645299815,20.82091767,,1.748746125,1.07160275,1.749200347,1.081060076,,0.999377125,0.072225625,3,0.024075208
142.611,81,77,86,0.187764535,48,141,1.645299815,20.82091767,,1.74544875,1.144008125,1.745722817,1.14971445,,1.07160275,0.072405375,3,0.024135125
143.222,81,77,89,0.187877312,48,141,1.645299815,20.82091767,,1.7421415,1.218219375,1.742158553,1.21857443,,1.144008125,0.07421125,3,0.024737083
143.838,81,77,92,0.187990089,48,141,1.645299815,20.82091767,,1.73887025,1.290065,1.738707906,1.286684857,,1.218219375,0.071845625,3,0.023948542
144.499,81,77,95,0.188102866,48,141,1.645299815,20.82091767,,1.73554175,1.362784375,1.735215295,1.355987281,,1.290065,0.072719375,3,0.024239792
145.11,81,77,98,0.188215644,48,141,1.645299815,20.82091767,,1.732300625,1.437030125,1.731649374,1.423470478,,1.362784375,0.07424575,3,0.024748583
145.722,81,77,101,0.188328421,48,141,1.645299815,20.82091767,,1.729029625,1.50869,1.728207649,1.4915757,,1.437030125,0.071659875,3,0.023886625
146.332,81,77,104,0.188441198,48,141,1.645299815,20.82091767,,1.725557,1.582277625,1.724673336,1.563878939,,1.50869,0.073587625,3,0.024529208
146.945,81,77,107,0.188553975,48,141,1.645299815,20.82091767,,1.722406125,1.65437375,1.721210659,1.629483048,,1.582277625,0.072096125,3,0.024032042
147.603,81,77,110,0.188666752,48,141,1.645299815,20.82091767,,1.71903625,1.72575775,1.717782184,1.699646938,,1.65437375,0.071384,3,0.023794667
148.214,81,77,113,0.188779529,48,141,1.645299815,20.82091767,,1.7158145,1.799068875,1.714261151,1.766726729,,1.72575775,0.073311125,3,0.024437042
148.824,81,77,116,0.188892306,48,141,1.645299815,20.82091767,,1.71184425,1.870636625,1.710823851,1.849390978,,1.799068875,0.07156775,3,0.023855917
149.486,81,77,119,0.189005084,48,141,1.645299815,20.82091767,,1.7087825,1.941431875,1.707423652,1.913139422,,1.870636625,0.07079525,3,0.023598417
150.148,81,77,122,0.189117861,48,141,1.645299815,20.82091767,,1.70522475,2.01567925,1.703857653,1.987215042,,1.941431875,0.074247375,3,0.024749125
150.807,81,77,125,0.189230638,48,141,1.645299815,20.82091767,,1.7021805,2.085252125,1.700516164,2.050599121,,2.01567925,0.069572875,3,0.023190958
151.469,81,77,128,0.189343415,48,141,1.645299815,20.82091767,,1.698028,2.156197,1.697108779,2.137057981,,2.085252125,0.070944875,3,0.023648292
152.089,81,77,131,0.189456192,48,141,1.645299815,20.82091767,,1.695050125,2.22574075,1.693768689,2.199060072,,2.156197,0.06954375,3,0.02318125
152.7,81,77,134,0.189568969,48,141,1.645299815,20.82091767,,1.692058625,2.294685375,1.690457373,2.261345847,,2.22574075,0.068944625,3,0.022981542
153.361,81,77,137,0.189681746,48,141,1.645299815,20.82091767,,1.688570875,2.367493,1.686960523,2.333964002,,2.294685375,0.072807625,3,0.024269208
154.023,81,77,140,0.189794523,48,141,1.645299815,20.82091767,,1.68481375,2.43545575,1.683696366,2.412190793,,2.367493,0.06796275,3,0.02265425
154.682,81,77,143,0.189907301,48,141,1.645299815,20.82091767,,1.681688125,2.505389125,1.680337562,2.477269173,,2.43545575,0.069933375,3,0.023311125
155.343,81,77,146,0.190020078,48,141,1.645299815,20.82091767,,1.678440125,2.5767305,1.676911134,2.544895514,,2.505389125,0.071341375,3,0.023780458
155.954,81,77,149,0.190132855,48,141,1.645299815,20.82091767,,1.675442625,2.64494775,1.673634754,2.607306215,,2.5767305,0.06821725,3,0.022739083
156.614,81,77,152,0.190245632,48,141,1.645299815,20.82091767,,1.67151825,2.715977125,1.670223311,2.689015304,,2.64494775,0.071029375,3,0.023676458
162.03,81,77,41,0.186072878,32,141,1.645299815,14.48942443,,1.797723875,0.554009375,1.798491684,0.565134488,,,,41,
162.639,81,77,45,0.186223247,32,141,1.645299815,14.48942443,,1.793615,0.623826125,1.793673222,0.624669721,,0.554009375,0.06981675,4,0.017454188
163.303,81,77,49,0.186373617,32,141,1.645299815,14.48942443,,1.7881085,0.692677625,1.788921376,0.704455737,,0.623826125,0.0688515,4,0.017212875
163.963,81,77,53,0.186523987,32,141,1.645299815,14.48942443,,1.78392925,0.761833,1.784148559,0.765010664,,0.692677625,0.069155375,4,0.017288844
164.623,81,77,57,0.186674356,32,141,1.645299815,14.48942443,,1.779799625,0.832810125,1.779250012,0.824846553,,0.761833,0.070977125,4,0.017744281
165.285,81,77,61,0.186824726,32,141,1.645299815,14.48942443,,1.774294125,0.900240125,1.774596273,0.90461808,,0.832810125,0.06743,4,0.0168575
165.945,81,77,65,0.186975095,32,141,1.645299815,14.48942443,,1.769909125,0.970980125,1.769714092,0.968154206,,0.900240125,0.07074,4,0.017685
166.618,81,77,69,0.187125465,32,141,1.645299815,14.48942443,,1.7647945,1.039686375,1.764972271,1.042262178,,0.970980125,0.06870625,4,0.017176563
167.277,81,77,73,0.187275834,32,141,1.645299815,14.48942443,,1.76079825,1.107831375,1.760269186,1.100165541,,1.039686375,0.068145,4,0.01703625
167.94,81,77,77,0.187426204,32,141,1.645299815,14.48942443,,1.755405,1.17502875,1.755631502,1.178310629,,1.107831375,0.067197375,4,0.016799344
168.602,81,77,81,0.187576573,32,141,1.645299815,14.48942443,,1.75119325,1.245363125,1.750777315,1.239336462,,1.17502875,0.070334375,4,0.017583594
169.263,81,77,85,0.187726943,32,141,1.645299815,14.48942443,,1.7459005,1.3115505,1.746209337,1.316025363,,1.245363125,0.066187375,4,0.016546844
169.874,81,77,89,0.187877312,32,141,1.645299815,14.48942443,,1.742000125,1.37885325,1.74156438,1.372539552,,1.3115505,0.06730275,4,0.016825688
170.534,81,77,93,0.188027682,32,141,1.645299815,14.48942443,,1.737036875,1.446354375,1.736905732,1.444454188,,1.37885325,0.067501125,4,0.016875281
171.149,81,77,97,0.188178051,32,141,1.645299815,14.48942443,,1.732402625,1.51413825,1.73222757,1.511601803,,1.446354375,0.067783875,4,0.016945969
171.811,81,77,101,0.188328421,32,141,1.645299815,14.48942443,,1.728897125,1.580679625,1.72763516,1.56239448,,1.51413825,0.066541375,4,0.016635344
172.472,81,77,105,0.18847879,32,141,1.645299815,14.48942443,,1.723062,1.64882125,1.722932308,1.646942083,,1.580679625,0.068141625,4,0.017035406
173.083,81,77,109,0.18862916,32,141,1.645299815,14.48942443,,1.719373375,1.714698875,1.718385707,1.700388136,,1.64882125,0.065877625,4,0.016469406
173.745,81,77,113,0.188779529,32,141,1.645299815,14.48942443,,1.71522125,1.781957125,1.713743822,1.760550038,,1.714698875,0.06725825,4,0.016814562
174.408,81,77,117,0.188929899,32,141,1.645299815,14.48942443,,1.709827875,1.84803025,1.709183728,1.838696937,,1.781957125,0.066073125,4,0.016518281
175.032,81,77,121,0.189080268,32,141,1.645299815,14.48942443,,1.70606175,1.915838875,1.704503858,1.893265921,,1.84803025,0.067808625,4,0.016952156
175.643,81,77,125,0.189230638,32,141,1.645299815,14.48942443,,1.7014035,1.979388,1.700117961,1.960761282,,1.915838875,0.063549125,4,0.015887281
176.253,81,77,129,0.189381007,32,141,1.645299815,14.48942443,,1.696784,2.046442875,1.695490112,2.027695178,,1.979388,0.067054875,4,0.016763719
176.915,81,77,133,0.189531377,32,141,1.645299815,14.48942443,,1.692843,2.11107425,1.691029522,2.084798,,2.046442875,0.064631375,4,0.016157844
177.527,81,77,137,0.189681746,32,141,1.645299815,14.48942443,,1.687973875,2.175523375,1.686581511,2.155348819,,2.11107425,0.064449125,4,0.016112281
178.139,81,77,141,0.189832116,32,141,1.645299815,14.48942443,,1.6837675,2.239612125,1.682158371,2.216296771,,2.175523375,0.06408875,4,0.016022187
178.8,81,77,145,0.189982485,32,141,1.645299815,14.48942443,,1.679334625,2.305611875,1.677603342,2.280526579,,2.239612125,0.06599975,4,0.016499938
179.462,81,77,149,0.190132855,32,141,1.645299815,14.48942443,,1.674741625,2.36932525,1.673206109,2.347076505,,2.305611875,0.063713375,4,0.015928344
180.123,81,77,153,0.190283224,32,141,1.645299815,14.48942443,,1.6705775,2.433441125,1.668781097,2.407412279,,2.36932525,0.064115875,4,0.016028969
180.786,81,77,157,0.190433594,32,141,1.645299815,14.48942443,,1.666343875,2.496084875,1.664457685,2.468755069,,2.433441125,0.06264375,4,0.015660938
181.393,81,77,161,0.190583963,32,141,1.645299815,14.48942443,,1.66185125,2.560068,1.660041835,2.533850619,,2.496084875,0.063983125,4,0.015995781
182.054,81,77,165,0.190734333,32,141,1.645299815,14.48942443,,1.6576575,2.622917625,1.655704215,2.594615643,,2.560068,0.062849625,4,0.015712406
182.717,81,77,169,0.190884702,32,141,1.645299815,14.48942443,,1.65339725,2.686077125,1.651345208,2.656344213,,2.622917625,0.0631595,4,0.015789875
183.378,81,77,173,0.191035072,32,141,1.645299815,14.48942443,,1.647493875,2.747996875,1.647071763,2.741880719,,2.686077125,0.06191975,4,0.015479938
188.844,81,77,22,0.185358623,24,141,1.645299815,11.32367781,,1.820529875,0.552956375,1.821046348,0.558804747,,,,22,
189.452,81,77,28,0.185584177,24,141,1.645299815,11.32367781,,1.81304025,0.6375265,1.813577915,0.643614848,,0.552956375,0.084570125,6,0.014095021
190.113,81,77,34,0.185809731,24,141,1.645299815,11.32367781,,1.806454875,0.7206005,1.806241606,0.718185513,,0.6375265,0.083074,6,0.013845667
190.775,81,77,40,0.186035286,24,141,1.645299815,11.32367781,,1.7989475,0.802379375,1.79901967,0.803196608,,0.7206005,0.081778875,6,0.013629813
191.449,81,77,46,0.18626084,24,141,1.645299815,11.32367781,,1.79175425,0.88292625,1.791906533,0.884650654,,0.802379375,0.080546875,6,0.013424479
192.112,81,77,52,0.186486394,24,141,1.645299815,11.32367781,,1.784071625,0.963656125,1.784777235,0.971646224,,0.88292625,0.080729875,6,0.013454979
192.723,81,77,58,0.186711948,24,141,1.645299815,11.32367781,,1.777430375,1.04630575,1.777478403,1.046849599,,0.963656125,0.082649625,6,0.013774937
193.334,81,77,64,0.186937503,24,141,1.645299815,11.32367781,,1.77077875,1.12656125,1.770390997,1.122170457,,1.04630575,0.0802555,6,0.013375917
194.004,81,77,70,0.187163057,24,141,1.645299815,11.32367781,,1.7631215,1.206145,1.763362914,1.208878689,,1.12656125,0.07958375,6,0.013263958
194.668,81,77,76,0.187388611,24,141,1.645299815,11.32367781,,1.756185375,1.28722725,1.756202497,1.287421134,,1.206145,0.08108225,6,0.013513708
195.281,81,77,82,0.187614165,24,141,1.645299815,11.32367781,,1.748730375,1.3671945,1.749140547,1.371839152,,1.28722725,0.07996725,6,0.013327875
195.942,81,77,88,0.18783972,24,141,1.645299815,11.32367781,,1.74217875,1.446855,1.742105686,1.446027643,,1.3671945,0.0796605,6,0.01327675
196.603,81,77,94,0.188065274,24,141,1.645299815,11.32367781,,1.735606,1.5244105,1.735256718,1.520455346,,1.446855,0.0775555,6,0.012925917
197.212,81,77,100,0.188290828,24,141,1.645299815,11.32367781,,1.72909475,1.603042375,1.728312696,1.594186643,,1.5244105,0.078631875,6,0.013105313
197.883,81,77,106,0.188516383,24,141,1.645299815,11.32367781,,1.722409125,1.682389375,1.72130552,1.669892507,,1.603042375,0.079347,6,0.0132245
198.545,81,77,112,0.188741937,24,141,1.645299815,11.32367781,,1.71581675,1.760977875,1.714365328,1.744542437,,1.682389375,0.0785885,6,0.013098083
199.156,81,77,118,0.188967491,24,141,1.645299815,11.32367781,,1.708852625,1.8376,1.707598787,1.823401945,,1.760977875,0.076622125,6,0.012770354
199.819,81,77,124,0.189193045,24,141,1.645299815,11.32367781,,1.70237525,1.91579225,1.700693588,1.896749652,,1.8376,0.07819225,6,0.013032042
200.487,81,77,130,0.1894186,24,141,1.645299815,11.32367781,,1.69539275,1.991530375,1.694005114,1.975817233,,1.91579225,0.075738125,6,0.012623021
201.1,81,77,136,0.189644154,24,141,1.645299815,11.32367781,,1.6890525,2.0684665,1.687210844,2.047612181,,1.991530375,0.076936125,6,0.012822688
201.762,81,77,142,0.189869708,24,141,1.645299815,11.32367781,,1.6820925,2.142638875,1.680660642,2.126424978,,2.0684665,0.074172375,6,0.012362063
202.425,81,77,148,0.190095263,24,141,1.645299815,11.32367781,,1.67574975,2.219253375,1.673894775,2.198248236,,2.142638875,0.0766145,6,0.012769083
203.088,81,77,154,0.190320817,24,141,1.645299815,11.32367781,,1.668849125,2.2941585,1.667279864,2.27638869,,2.219253375,0.074905125,6,0.012484187
203.752,81,77,160,0.190546371,24,141,1.645299815,11.32367781,,1.662593625,2.368538,1.66071137,2.347223956,,2.2941585,0.0743795,6,0.012396583
204.413,81,77,166,0.190771925,24,141,1.645299815,11.32367781,,1.656043125,2.440903625,1.654320724,2.421399708,,2.368538,0.072365625,6,0.012060938
205.024,81,77,172,0.19099748,24,141,1.645299815,11.32367781,,1.64899825,2.51449825,1.647821543,2.501173603,,2.440903625,0.073594625,6,0.012265771
205.686,81,77,178,0.191223034,24,141,1.645299815,11.32367781,,1.641794875,2.58679675,1.641436824,2.5827423,,2.51449825,0.0722985,6,0.01204975
206.349,81,77,184,0.191448588,24,141,1.645299815,11.32367781,,1.635310125,2.66004775,1.63496799,2.65617352,,2.58679675,0.073251,6,0.0122085
206.959,81,77,190,0.191674142,24,141,1.645299815,11.32367781,,1.629222,2.731319625,1.628673933,2.725113486,,2.66004775,0.071271875,6,0.011878646
210.603,81,77,0,0.18453159,16,141,1.645299815,8.157931185,,1.8468305,0.6675755,1.846926925,0.668362132,,,,,
211.213,81,77,8,0.184832329,16,141,1.645299815,8.157931185,,1.83691275,0.747659125,1.837110267,0.749270454,,0.6675755,0.080083625,8,0.010010453
211.876,81,77,16,0.185133068,16,141,1.645299815,8.157931185,,1.826648375,0.828096375,1.827250261,0.833006519,,0.747659125,0.08043725,8,0.010054656
212.538,81,77,24,0.185433808,16,141,1.645299815,8.157931185,,1.8178265,0.907290375,1.817542653,0.904974768,,0.828096375,0.079194,8,0.00989925
213.15,81,77,32,0.185734547,16,141,1.645299815,8.157931185,,1.807773875,0.98605175,1.807888076,0.986983391,,0.907290375,0.078761375,8,0.009845172
213.759,81,77,40,0.186035286,16,141,1.645299815,8.157931185,,1.797948125,1.06470025,1.798247335,1.067141183,,0.98605175,0.0786485,8,0.009831062
214.421,81,77,48,0.186336025,16,141,1.645299815,8.157931185,,1.788245625,1.141689875,1.788809939,1.146293511,,1.06470025,0.076989625,8,0.009623703
215.03,81,77,56,0.186636764,16,141,1.645299815,8.157931185,,1.779967375,1.21973025,1.779243742,1.213826905,,1.141689875,0.078040375,8,0.009755047
215.643,81,77,64,0.186937503,16,141,1.645299815,8.157931185,,1.7702895,1.297682,1.769688409,1.292778343,,1.21973025,0.07795175,8,0.009743969
216.303,81,77,72,0.187238242,16,141,1.645299815,8.157931185,,1.7608675,1.374446375,1.760278625,1.36964237,,1.297682,0.076764375,8,0.009595547
216.965,81,77,80,0.187538981,16,141,1.645299815,8.157931185,,1.75131375,1.451716,1.750806906,1.447581205,,1.374446375,0.077269625,8,0.009658703
217.627,81,77,88,0.18783972,16,141,1.645299815,8.157931185,,1.742017125,1.526768,1.741607025,1.523422432,,1.451716,0.075052,8,0.0093815
218.302,81,77,96,0.188140459,16,141,1.645299815,8.157931185,,1.732455875,1.602239875,1.732355675,1.601422452,,1.526768,0.075471875,8,0.009433984
218.913,81,77,104,0.188441198,16,141,1.645299815,8.157931185,,1.72313125,1.678444875,1.723014459,1.677492101,,1.602239875,0.076205,8,0.009525625
219.523,81,77,112,0.188741937,16,141,1.645299815,8.157931185,,1.71532725,1.752503125,1.713936391,1.741156596,,1.678444875,0.07405825,8,0.009257281
220.183,81,77,120,0.189042676,16,141,1.645299815,8.157931185,,1.706208625,1.826456625,1.704871164,1.815545711,,1.752503125,0.0739535,8,0.009244187
220.795,81,77,128,0.189343415,16,141,1.645299815,8.157931185,,1.6968655,1.90027175,1.695822899,1.891766282,,1.826456625,0.073815125,8,0.009226891
221.406,81,77,136,0.189644154,16,141,1.645299815,8.157931185,,1.6883385,1.97250775,1.686968203,1.961328961,,1.90027175,0.072236,8,0.0090295
222.067,81,77,144,0.189944893,16,141,1.645299815,8.157931185,,1.67973775,2.045583,1.678010632,2.031493288,,1.97250775,0.07307525,8,0.009134406
222.728,81,77,152,0.190245632,16,141,1.645299815,8.157931185,,1.670880125,2.117147125,1.669238294,2.103753183,,2.045583,0.071564125,8,0.008945516
223.388,81,77,160,0.190546371,16,141,1.645299815,8.157931185,,1.66212175,2.188104,1.660540394,2.175203404,,2.117147125,0.070956875,8,0.008869609
224.058,81,77,168,0.19084711,16,141,1.645299815,8.157931185,,1.653881375,2.2574655,1.652038054,2.242427816,,2.188104,0.0693615,8,0.008670187
224.671,81,77,176,0.191147849,16,141,1.645299815,8.157931185,,1.643398875,2.327407375,1.643464572,2.327943329,,2.2574655,0.069941875,8,0.008742734
225.281,81,77,184,0.191448588,16,141,1.645299815,8.157931185,,1.63497925,2.397033125,1.634929841,2.396630051,,2.327407375,0.06962575,8,0.008703219
225.958,81,77,192,0.191749327,16,141,1.645299815,8.157931185,,1.626767875,2.465708125,1.626511653,2.463617883,,2.397033125,0.068675,8,0.008584375
226.626,81,77,200,0.192050066,16,141,1.645299815,8.157931185,,1.61827575,2.533748125,1.618171303,2.532896054,,2.465708125,0.06804,8,0.008505
227.239,81,77,208,0.192350805,16,141,1.645299815,8.157931185,,1.610140375,2.6006065,1.609975797,2.599263884,,2.533748125,0.066858375,8,0.008357297
227.854,81,77,216,0.192651544,16,141,1.645299815,8.157931185,,1.6020695,2.667605125,1.601763099,2.665105527,,2.6006065,0.066998625,8,0.008374828
228.466,81,77,224,0.192952283,16,141,1.645299815,8.157931185,,1.59362375,2.734841,1.593521319,2.734005374,,2.667605125,0.067235875,8,0.008404484
229.691,81,77,0,0.18453159,8,141,1.645299815,4.992184563,,1.846207375,1.076675875,1.846642896,1.078850075,,,,,
230.301,81,77,9,0.184869922,8,141,1.645299815,4.992184563,,1.835573375,1.131560625,1.835648761,1.131936966,,1.076675875,0.05488475,9,0.006098306
230.912,81,77,18,0.185208253,8,141,1.645299815,4.992184563,,1.82470575,1.186530625,1.824637549,1.186190155,,1.131560625,0.05497,9,0.006107778
231.577,81,77,27,0.185546585,8,141,1.645299815,4.992184563,,1.813056,1.242075,1.813511283,1.244347858,,1.186530625,0.055544375,9,0.006171597
232.24,81,77,36,0.185884916,8,141,1.645299815,4.992184563,,1.80297325,1.29559325,1.802790876,1.294682806,,1.242075,0.05351825,9,0.005946472
232.902,81,77,45,0.186223247,8,141,1.645299815,4.992184563,,1.7924005,1.348911,1.792110632,1.347463926,,1.29559325,0.05331775,9,0.005924194
233.564,81,77,54,0.186561579,8,141,1.645299815,4.992184563,,1.780999375,1.401944625,1.781487302,1.404380446,,1.348911,0.053033625,9,0.005892625
234.174,81,77,63,0.18689991,8,141,1.645299815,4.992184563,,1.770931125,1.456744,1.770510269,1.454643008,,1.401944625,0.054799375,9,0.006088819
234.839,81,77,72,0.187238242,8,141,1.645299815,4.992184563,,1.760166,1.51016475,1.759809392,1.508384499,,1.456744,0.05342075,9,0.005935639
235.5,81,77,81,0.187576573,8,141,1.645299815,4.992184563,,1.74894,1.562053625,1.749415371,1.564426763,,1.51016475,0.051888875,9,0.005765431
236.113,81,77,90,0.187914905,8,141,1.645299815,4.992184563,,1.739074625,1.613889375,1.739031991,1.613676536,,1.562053625,0.05183575,9,0.005759528
236.776,81,77,99,0.188253236,8,141,1.645299815,4.992184563,,1.729162375,1.6671185,1.728369499,1.663160317,,1.613889375,0.053229125,9,0.005914347
237.436,81,77,108,0.188591567,8,141,1.645299815,4.992184563,,1.719326625,1.71795475,1.718186332,1.712262197,,1.6671185,0.05083625,9,0.005648472
238.045,81,77,117,0.188929899,8,141,1.645299815,4.992184563,,1.709369625,1.7687285,1.708015684,1.761969378,,1.71795475,0.05077375,9,0.005641528
238.707,81,77,126,0.18926823,8,141,1.645299815,4.992184563,,1.698940375,1.819230875,1.697899397,1.814034119,,1.7687285,0.050502375,9,0.005611375
239.377,81,77,135,0.189606562,8,141,1.645299815,4.992184563,,1.689671125,1.87018025,1.687693569,1.860307926,,1.819230875,0.050949375,9,0.005661042
239.99,81,77,144,0.189944893,8,141,1.645299815,4.992184563,,1.6792625,1.920858375,1.677542076,1.912269703,,1.87018025,0.050678125,9,0.005630903
240.602,81,77,153,0.190283224,8,141,1.645299815,4.992184563,,1.66931,1.969884125,1.667721576,1.96195442,,1.920858375,0.04902575,9,0.005447306
241.262,81,77,162,0.190621556,8,141,1.645299815,4.992184563,,1.6594495,2.019116625,1.657859661,2.011179856,,1.969884125,0.0492325,9,0.005470278
241.871,81,77,171,0.190959887,8,141,1.645299815,4.992184563,,1.649487625,2.067811375,1.648105464,2.060911374,,2.019116625,0.04869475,9,0.005410528
242.48,81,77,180,0.191298219,8,141,1.645299815,4.992184563,,1.639015625,2.1151775,1.638617409,2.113189531,,2.067811375,0.047366125,9,0.005262903
243.159,81,77,189,0.19163655,8,141,1.645299815,4.992184563,,1.62949175,2.162866875,1.629064602,2.160734473,,2.1151775,0.047689375,9,0.005298819
243.82,81,77,198,0.191974881,8,141,1.645299815,4.992184563,,1.620077,2.20940475,1.619742456,2.207734642,,2.162866875,0.046537875,9,0.005170875
244.43,81,77,207,0.192313213,8,141,1.645299815,4.992184563,,1.61111225,2.255771125,1.610454663,2.252488329,,2.20940475,0.046366375,9,0.005151819
245.092,81,77,216,0.192651544,8,141,1.645299815,4.992184563,,1.60175025,2.30237325,1.601119646,2.299225161,,2.255771125,0.046602125,9,0.005178014
245.754,81,77,225,0.192989876,8,141,1.645299815,4.992184563,,1.592353375,2.348186375,1.591942677,2.346136095,,2.30237325,0.045813125,9,0.005090347
246.361,81,77,234,0.193328207,8,141,1.645299815,4.992184563,,1.5833555,2.393573375,1.582851066,2.391055148,,2.348186375,0.045387,9,0.005043
246.971,81,77,243,0.193666539,8,141,1.645299815,4.992184563,,1.574993125,2.438570875,1.573837477,2.432801667,,2.393573375,0.0449975,9,0.004999722
247.632,81,77,252,0.19400487,8,141,1.645299815,4.992184563,,1.565768125,2.4816145,1.565215275,2.47885457,,2.438570875,0.043043625,9,0.004782625
248.803,81,77,0,0.18453159,4,141,1.645299815,3.409311252,,1.84580225,1.282126875,1.846038856,1.282933538,,,,,
249.414,81,77,9,0.184869922,4,141,1.645299815,3.409311252,,1.835499875,1.3196385,1.835036157,1.318057541,,1.282126875,0.037511625,9,0.004167958
250.026,81,77,18,0.185208253,4,141,1.645299815,3.409311252,,1.8238955,1.35708375,1.824052927,1.357620468,,1.3196385,0.03744525,9,0.004160583
250.689,81,77,27,0.185546585,4,141,1.645299815,3.409311252,,1.813006875,1.394357625,1.813119964,1.394743179,,1.35708375,0.037273875,9,0.004141542
251.298,81,77,36,0.185884916,4,141,1.645299815,3.409311252,,1.80248975,1.431099875,1.802342934,1.430599332,,1.394357625,0.03674225,9,0.004082472
251.907,81,77,45,0.186223247,4,141,1.645299815,3.409311252,,1.791942625,1.468747625,1.791300307,1.466557764,,1.431099875,0.03764775,9,0.004183083
252.567,81,77,54,0.186561579,4,141,1.645299815,3.409311252,,1.780884,1.504253875,1.780885814,1.504260059,,1.468747625,0.03550625,9,0.003945139
253.228,81,77,63,0.18689991,4,141,1.645299815,3.409311252,,1.7709265,1.540775125,1.770173606,1.538208275,,1.504253875,0.03652125,9,0.004057917
253.84,81,77,72,0.187238242,4,141,1.645299815,3.409311252,,1.759801,1.57721825,1.759484314,1.576138568,,1.540775125,0.036443125,9,0.004049236
254.501,81,77,81,0.187576573,4,141,1.645299815,3.409311252,,1.748749125,1.61290475,1.74901695,1.61381785,,1.57721825,0.0356865,9,0.003965167
255.11,81,77,90,0.187914905,4,141,1.645299815,3.409311252,,1.738935375,1.64872975,1.738508963,1.647275978,,1.61290475,0.035825,9,0.003980556
255.773,81,77,99,0.188253236,4,141,1.645299815,3.409311252,,1.7290695,1.684705875,1.727956648,1.680911816,,1.64872975,0.035976125,9,0.003997347
256.432,81,77,108,0.188591567,4,141,1.645299815,3.409311252,,1.71916025,1.719441375,1.717768227,1.714695534,,1.684705875,0.0347355,9,0.0038595
257.041,81,77,117,0.188929899,4,141,1.645299815,3.409311252,,1.70897525,1.753978875,1.707637881,1.749419369,,1.719441375,0.0345375,9,0.0038375
257.65,81,77,126,0.18926823,4,141,1.645299815,3.409311252,,1.698477375,1.78786125,1.697699694,1.785209892,,1.753978875,0.033882375,9,0.003764708
258.313,81,77,135,0.189606562,4,141,1.645299815,3.409311252,,1.689191125,1.8222245,1.687620459,1.816869609,,1.78786125,0.03436325,9,0.003818139
258.921,81,77,144,0.189944893,4,141,1.645299815,3.409311252,,1.678833125,1.85735475,1.677316251,1.852183255,,1.8222245,0.03513025,9,0.003903361
259.534,81,77,153,0.190283224,4,141,1.645299815,3.409311252,,1.669045875,1.8909345,1.667466828,1.885551037,,1.85735475,0.03357975,9,0.003731083
260.195,81,77,162,0.190621556,4,141,1.645299815,3.409311252,,1.659142125,1.9245085,1.657619091,1.919316003,,1.8909345,0.033574,9,0.003730444
260.855,81,77,171,0.190959887,4,141,1.645299815,3.409311252,,1.649163875,1.95741,1.647968608,1.953334963,,1.9245085,0.0329015,9,0.003655722
261.516,81,77,180,0.191298219,4,141,1.645299815,3.409311252,,1.638854625,1.990049875,1.638394864,1.988482405,,1.95741,0.032639875,9,0.003626653
262.18,81,77,189,0.19163655,4,141,1.645299815,3.409311252,,1.6294365,2.0227745,1.628796261,2.020591724,,1.990049875,0.032724625,9,0.003636069
262.841,81,77,198,0.191974881,4,141,1.645299815,3.409311252,,1.619977125,2.0547725,1.619410787,2.052841678,,2.0227745,0.031998,9,0.003555333
263.451,81,77,207,0.192313213,4,141,1.645299815,3.409311252,,1.61061725,2.08732925,1.609861424,2.084752405,,2.0547725,0.03255675,9,0.003617417
264.111,81,77,216,0.192651544,4,141,1.645299815,3.409311252,,1.601508,2.1185065,1.600716689,2.115808674,,2.08732925,0.03117725,9,0.003464139
264.72,81,77,225,0.192989876,4,141,1.645299815,3.409311252,,1.59226575,2.1487505,1.591845689,2.147318381,,2.1185065,0.030244,9,0.003360444
265.333,81,77,234,0.193328207,4,141,1.645299815,3.409311252,,1.583685875,2.17898225,1.582978282,2.176569845,,2.1487505,0.03023175,9,0.003359083
265.993,81,77,243,0.193666539,4,141,1.645299815,3.409311252,,1.57512725,2.208745,1.57424844,2.205748862,,2.17898225,0.02976275,9,0.003306972
266.602,81,77,252,0.19400487,4,141,1.645299815,3.409311252,,1.56624825,2.238613625,1.565487542,2.236020136,,2.208745,0.029868625,9,0.003318736
267.731,81,77,0,0.18453159,2,141,1.645299815,2.617874597,,1.84540575,1.38468175,1.845528093,1.385002028,,,,,
268.338,81,77,9,0.184869922,2,141,1.645299815,2.617874597,,1.83539825,1.413441375,1.834542225,1.411200408,,1.38468175,0.028759625,9,0.003195514
269,81,77,18,0.185208253,2,141,1.645299815,2.617874597,,1.823154,1.443467875,1.823072424,1.443254319,,1.413441375,0.0300265,9,0.003336278
269.662,81,77,27,0.185546585,2,141,1.645299815,2.617874597,,1.8129415,1.472164,1.812110812,1.469989363,,1.443467875,0.028696125,9,0.003188458
270.272,81,77,36,0.185884916,2,141,1.645299815,2.617874597,,1.80159725,1.500289125,1.801367316,1.499687187,,1.472164,0.028125125,9,0.003125014
270.944,81,77,45,0.186223247,2,141,1.645299815,2.617874597,,1.791008375,1.528204875,1.790703799,1.527407534,,1.500289125,0.02791575,9,0.00310175
271.606,81,77,54,0.186561579,2,141,1.645299815,2.617874597,,1.7807665,1.5553495,1.780334844,1.554219478,,1.528204875,0.027144625,9,0.003016069
272.216,81,77,63,0.18689991,2,141,1.645299815,2.617874597,,1.770623875,1.583478125,1.769590011,1.580771599,,1.5553495,0.028128625,9,0.003125403
272.876,81,77,72,0.187238242,2,141,1.645299815,2.617874597,,1.758781875,1.611778625,1.758779524,1.61177247,,1.583478125,0.0283005,9,0.0031445
273.542,81,77,81,0.187576573,2,141,1.645299815,2.617874597,,1.748563625,1.638643625,1.748517382,1.638522567,,1.611778625,0.026865,9,0.002985
274.152,81,77,90,0.187914905,2,141,1.645299815,2.617874597,,1.73877125,1.667277,1.73757974,1.664157777,,1.638643625,0.028633375,9,0.003181486
274.814,81,77,99,0.188253236,2,141,1.645299815,2.617874597,,1.72899875,1.69392025,1.727402305,1.689740956,,1.667277,0.02664325,9,0.002960361
275.473,81,77,108,0.188591567,2,141,1.645299815,2.617874597,,1.718683,1.720160125,1.717378954,1.716746296,,1.69392025,0.026239875,9,0.002915542
276.083,81,77,117,0.188929899,2,141,1.645299815,2.617874597,,1.7083125,1.746634125,1.70726617,1.743894965,,1.720160125,0.026474,9,0.002941556
276.694,81,77,126,0.18926823,2,141,1.645299815,2.617874597,,1.697945,1.77272325,1.697300404,1.771035779,,1.746634125,0.026089125,9,0.002898792
277.356,81,77,135,0.189606562,2,141,1.645299815,2.617874597,,1.688604125,1.79872375,1.687368492,1.795489019,,1.77272325,0.0260005,9,0.002888944
277.967,81,77,144,0.189944893,2,141,1.645299815,2.617874597,,1.678428125,1.82521325,1.677249788,1.822128511,,1.79872375,0.0264895,9,0.002943278
278.627,81,77,153,0.190283224,2,141,1.645299815,2.617874597,,1.668669875,1.850811,1.667471722,1.847674385,,1.82521325,0.02559775,9,0.002844194
279.287,81,77,162,0.190621556,2,141,1.645299815,2.617874597,,1.658846625,1.877645875,1.657221088,1.873390422,,1.850811,0.026834875,9,0.002981653
279.896,81,77,171,0.190959887,2,141,1.645299815,2.617874597,,1.648625625,1.902593625,1.647691315,1.900147718,,1.877645875,0.02494775,9,0.002771972
280.557,81,77,180,0.191298219,2,141,1.645299815,2.617874597,,1.63848875,1.92766975,1.638112504,1.926684786,,1.902593625,0.025076125,9,0.002786236
281.22,81,77,189,0.19163655,2,141,1.645299815,2.617874597,,1.629000375,1.9527475,1.628533073,1.951524162,,1.92766975,0.02507775,9,0.002786417
281.828,81,77,198,0.191974881,2,141,1.645299815,2.617874597,,1.619625625,1.977516,1.619071772,1.976066082,,1.9527475,0.0247685,9,0.002752056
282.487,81,77,207,0.192313213,2,141,1.645299815,2.617874597,,1.61046075,2.00211375,1.609675695,2.000058575,,1.977516,0.02459775,9,0.002733083
283.149,81,77,216,0.192651544,2,141,1.645299815,2.617874597,,1.6013525,2.026028,1.600540708,2.023902831,,2.00211375,0.02391425,9,0.002657139
283.806,81,77,225,0.192989876,2,141,1.645299815,2.617874597,,1.59231975,2.04953575,1.591561,2.047549438,,2.026028,0.02350775,9,0.002611972
284.467,81,77,234,0.193328207,2,141,1.645299815,2.617874597,,1.58359425,2.072512375,1.582784176,2.070391703,,2.04953575,0.022976625,9,0.002552958
285.129,81,77,243,0.193666539,2,141,1.645299815,2.617874597,,1.57496275,2.09479375,1.57427293,2.092987888,,2.072512375,0.022281375,9,0.002475708
285.756,81,77,252,0.19400487,2,141,1.645299815,2.617874597,,1.566086625,2.1174335,1.565624788,2.11622447,,2.09479375,0.02263975,9,0.002515528
286.879,81,77,0,0.18453159,1,141,1.645299815,2.222156269,,1.845248125,1.436326375,1.844971038,1.435710644,,,,,
287.489,81,77,9,0.184869922,1,141,1.645299815,2.222156269,,1.834799625,1.461882125,1.833470609,1.458928844,,1.436326375,0.02555575,9,0.002839528
288.15,81,77,18,0.185208253,1,141,1.645299815,2.222156269,,1.8228655,1.48661075,1.822342398,1.485448335,,1.461882125,0.024728625,9,0.002747625
288.81,81,77,27,0.185546585,1,141,1.645299815,2.222156269,,1.812849125,1.51023325,1.811711957,1.507706285,,1.48661075,0.0236225,9,0.002624722
289.473,81,77,36,0.185884916,1,141,1.645299815,2.222156269,,1.800937,1.53455325,1.800767632,1.534176888,,1.51023325,0.02432,9,0.002702222
290.13,81,77,45,0.186223247,1,141,1.645299815,2.222156269,,1.79057675,1.557893625,1.790264152,1.557198983,,1.53455325,0.023340375,9,0.002593375
290.791,81,77,54,0.186561579,1,141,1.645299815,2.222156269,,1.78067475,1.58100125,1.779865412,1.579202774,,1.557893625,0.023107625,9,0.002567514
291.459,81,77,63,0.18689991,1,141,1.645299815,2.222156269,,1.770039125,1.604723375,1.769190139,1.602836795,,1.58100125,0.023722125,9,0.002635792
292.069,81,77,72,0.187238242,1,141,1.645299815,2.222156269,,1.75840725,1.628591375,1.75844922,1.628684639,,1.604723375,0.023868,9,0.002652
292.73,81,77,81,0.187576573,1,141,1.645299815,2.222156269,,1.74845675,1.653046,1.747444312,1.650796205,,1.628591375,0.024454625,9,0.002717181
293.391,81,77,90,0.187914905,1,141,1.645299815,2.222156269,,1.73850575,1.676020375,1.737105537,1.672908882,,1.653046,0.022974375,9,0.002552708
293.999,81,77,99,0.188253236,1,141,1.645299815,2.222156269,,1.72878825,1.69801675,1.727206874,1.694502686,,1.676020375,0.021996375,9,0.002444042
294.612,81,77,108,0.188591567,1,141,1.645299815,2.222156269,,1.718279625,1.72055475,1.717064473,1.717854492,,1.69801675,0.022538,9,0.002504222
295.271,81,77,117,0.188929899,1,141,1.645299815,2.222156269,,1.70761275,1.74315725,1.706893046,1.741557956,,1.72055475,0.0226025,9,0.002511389
295.881,81,77,126,0.18926823,1,141,1.645299815,2.222156269,,1.697420375,1.765238125,1.696956357,1.764207006,,1.74315725,0.022080875,9,0.002453431
296.492,81,77,135,0.189606562,1,141,1.645299815,2.222156269,,1.688037125,1.787162125,1.687090265,1.785058053,,1.765238125,0.021924,9,0.002436
297.102,81,77,144,0.189944893,1,141,1.645299815,2.222156269,,1.678063375,1.80961725,1.676985159,1.807221284,,1.787162125,0.022455125,9,0.002495014
297.711,81,77,153,0.190283224,1,141,1.645299815,2.222156269,,1.668318375,1.831291,1.667231682,1.828876197,,1.80961725,0.02167375,9,0.002408194
298.383,81,77,162,0.190621556,1,141,1.645299815,2.222156269,,1.658580625,1.853163875,1.657388596,1.850515,,1.831291,0.021872875,9,0.002430319
298.993,81,77,171,0.190959887,1,141,1.645299815,2.222156269,,1.648103125,1.875412625,1.647376361,1.873797642,,1.853163875,0.02224875,9,0.002472083
299.604,81,77,180,0.191298219,1,141,1.645299815,2.222156269,,1.638120625,1.89654425,1.637866848,1.895980317,,1.875412625,0.021131625,9,0.002347958
300.267,81,77,189,0.19163655,1,141,1.645299815,2.222156269,,1.628791875,1.91767125,1.628359415,1.916710257,,1.89654425,0.021127,9,0.002347444
300.925,81,77,198,0.191974881,1,141,1.645299815,2.222156269,,1.619485875,1.9384585,1.619004875,1.937389643,,1.91767125,0.02078725,9,0.002309694
301.588,81,77,207,0.192313213,1,141,1.645299815,2.222156269,,1.610253375,1.95943975,1.609563033,1.957905701,,1.9384585,0.02098125,9,0.00233125
302.252,81,77,216,0.192651544,1,141,1.645299815,2.222156269,,1.601373125,1.979936,1.600339446,1.977639004,,1.95943975,0.02049625,9,0.002277361
302.911,81,77,225,0.192989876,1,141,1.645299815,2.222156269,,1.59222925,1.9996595,1.591463608,1.997958123,,1.979936,0.0197235,9,0.0021915
303.579,81,77,234,0.193328207,1,141,1.645299815,2.222156269,,1.583520625,2.019289875,1.582629677,2.017310049,,1.9996595,0.019630375,9,0.002181153
304.237,81,77,243,0.193666539,1,141,1.645299815,2.222156269,,1.57465325,2.038117625,1.574156938,2.037014742,,2.019289875,0.01882775,9,0.002091972
304.898,81,77,252,0.19400487,1,141,1.645299815,2.222156269,,1.56611225,2.056831125,1.565735613,2.055994179,,2.038117625,0.0187135,9,0.002079278
6.454,59,55,138,0.136996027,255,145,1.646866543,102.7346115,,1.732106875,0.5667965,1.731272137,0.481039969,,,,138,
7.116,59,55,139,0.13703362,255,145,1.646866543,102.7346115,,1.731769375,0.616858875,1.730784839,0.515712901,,0.5667965,0.050062375,1,0.050062375
7.731,59,55,140,0.137071212,255,145,1.646866543,102.7346115,,1.7309505,0.66821075,1.730284989,0.599839706,,0.616858875,0.051351875,1,0.051351875
8.34,59,55,141,0.137108804,255,145,1.646866543,102.7346115,,1.729901125,0.718830875,1.729792262,0.707646839,,0.66821075,0.050620125,1,0.050620125
8.951,59,55,142,0.137146397,255,145,1.646866543,102.7346115,,1.729336,0.768171,1.729311994,0.765704736,,0.718830875,0.049340125,1,0.049340125
9.612,59,55,143,0.137183989,255,145,1.646866543,102.7346115,,1.72911675,0.818827625,1.728818911,0.788229299,,0.768171,0.050656625,1,0.050656625
10.226,59,55,144,0.137221581,255,145,1.646866543,102.7346115,,1.728982625,0.876453875,1.728257988,0.802008579,,0.818827625,0.05762625,1,0.05762625
10.837,59,55,145,0.137259174,255,145,1.646866543,102.7346115,,1.728797375,0.92567125,1.727778915,0.821040166,,0.876453875,0.049217375,1,0.049217375
11.497,59,55,146,0.137296766,255,145,1.646866543,102.7346115,,1.7282065,0.976675875,1.727282445,0.88174348,,0.92567125,0.051004625,1,0.051004625
12.107,59,55,147,0.137334359,255,145,1.646866543,102.7346115,,1.72719825,1.026087625,1.72680148,0.985325652,,0.976675875,0.04941175,1,0.04941175
12.717,59,55,148,0.137371951,255,145,1.646866543,102.7346115,,1.726344,1.07864825,1.726289865,1.073086693,,1.026087625,0.052560625,1,0.052560625
13.376,59,55,149,0.137409543,255,145,1.646866543,102.7346115,,1.725954125,1.129288625,1.725796941,1.11314035,,1.07864825,0.050640375,1,0.050640375
14.036,59,55,150,0.137447136,255,145,1.646866543,102.7346115,,1.725830125,1.176160875,1.725340695,1.125879442,,1.129288625,0.04687225,1,0.04687225
14.649,59,55,151,0.137484728,255,145,1.646866543,102.7346115,,1.72567725,1.226848375,1.724847312,1.141584996,,1.176160875,0.0506875,1,0.0506875
15.316,59,55,152,0.13752232,255,145,1.646866543,102.7346115,,1.7252765,1.281686375,1.724313529,1.182755891,,1.226848375,0.054838,1,0.054838
15.926,59,55,153,0.137559913,255,145,1.646866543,102.7346115,,1.724384375,1.332076875,1.723823037,1.274408007,,1.281686375,0.0503905,1,0.0503905
16.535,59,55,154,0.137597505,255,145,1.646866543,102.7346115,,1.72331325,1.382132375,1.723335806,1.384449617,,1.332076875,0.0500555,1,0.0500555
17.203,59,55,155,0.137635098,255,145,1.646866543,102.7346115,,1.72284875,1.4337195,1.722833666,1.432169844,,1.382132375,0.051587125,1,0.051587125
17.865,59,55,156,0.13767269,255,145,1.646866543,102.7346115,,1.722650875,1.484333375,1.722341,1.452498456,,1.4337195,0.050613875,1,0.050613875
18.485,59,55,157,0.137710282,255,145,1.646866543,102.7346115,,1.722513875,1.5351545,1.721846316,1.466573097,,1.484333375,0.050821125,1,0.050821125
19.099,59,55,158,0.137747875,255,145,1.646866543,102.7346115,,1.722394375,1.584275375,1.721368182,1.478849883,,1.5351545,0.049120875,1,0.049120875
19.712,59,55,159,0.137785467,255,145,1.646866543,102.7346115,,1.72184175,1.6353725,1.720870812,1.535623598,,1.584275375,0.051097125,1,0.051097125
20.374,59,55,160,0.13782306,255,145,1.646866543,102.7346115,,1.720891375,1.690902375,1.720330295,1.633260005,,1.6353725,0.055529875,1,0.055529875
20.985,59,55,161,0.137860652,255,145,1.646866543,102.7346115,,1.71993875,1.73881275,1.719863944,1.731127564,,1.690902375,0.047910375,1,0.047910375
21.646,59,55,162,0.137898244,255,145,1.646866543,102.7346115,,1.719470875,1.791116875,1.719354825,1.77919452,,1.73881275,0.052304125,1,0.052304125
22.31,59,55,163,0.137935837,255,145,1.646866543,102.7346115,,1.719422375,1.8392085,1.71888671,1.784177149,,1.791116875,0.048091625,1,0.048091625
22.922,59,55,164,0.137973429,255,145,1.646866543,102.7346115,,1.719299875,1.891912625,1.718373697,1.796762139,,1.8392085,0.052704125,1,0.052704125
23.53,59,55,165,0.138011021,255,145,1.646866543,102.7346115,,1.71911625,1.9424055,1.717882209,1.815626782,,1.891912625,0.050492875,1,0.050492875
24.192,59,55,166,0.138048614,255,145,1.646866543,102.7346115,,1.7183965,1.991092875,1.717408295,1.889570018,,1.9424055,0.048687375,1,0.048687375
24.802,59,55,167,0.138086206,255,145,1.646866543,102.7346115,,1.71745275,2.042003625,1.716912739,1.986525808,,1.991092875,0.05091075,1,0.05091075
25.411,59,55,168,0.138123799,255,145,1.646866543,102.7346115,,1.716655375,2.0970355,1.716377069,2.068443819,,2.042003625,0.055031875,1,0.055031875
26.072,59,55,169,0.138161391,255,145,1.646866543,102.7346115,,1.7162485,2.145861125,1.715901809,2.110243964,,2.0970355,0.048825625,1,0.048825625
26.735,59,55,170,0.138198983,255,145,1.646866543,102.7346115,,1.716157875,2.1966645,1.715407298,2.119554288,,2.145861125,0.050803375,1,0.050803375
27.395,59,55,171,0.138236576,255,145,1.646866543,102.7346115,,1.716010125,2.244843,1.714938337,2.134733327,,2.1966645,0.0481785,1,0.0481785
28.059,59,55,172,0.138274168,255,145,1.646866543,102.7346115,,1.715735125,2.29588425,1.714441511,2.162985345,,2.244843,0.05104125,1,0.05104125
28.67,59,55,173,0.13831176,255,145,1.646866543,102.7346115,,1.71500525,2.34518125,1.713961663,2.23796877,,2.29588425,0.049297,1,0.049297
29.28,59,55,174,0.138349353,255,145,1.646866543,102.7346115,,1.714063125,2.394856375,1.713478135,2.334757616,,2.34518125,0.049675125,1,0.049675125
29.941,59,55,175,0.138386945,255,145,1.646866543,102.7346115,,1.71329175,2.44489475,1.71299107,2.414004526,,2.394856375,0.050038375,1,0.050038375
30.55,59,55,176,0.138424538,255,145,1.646866543,102.7346115,,1.71299875,2.498535875,1.712468937,2.444105768,,2.44489475,0.053641125,1,0.053641125
31.163,59,55,177,0.13846213,255,145,1.646866543,102.7346115,,1.712883,2.547948625,1.711987963,2.455997299,,2.498535875,0.04941275,1,0.04941275
31.821,59,55,178,0.138499722,255,145,1.646866543,102.7346115,,1.712698375,2.598828875,1.711492703,2.474964677,,2.547948625,0.05088025,1,0.05088025
32.432,59,55,179,0.138537315,255,145,1.646866543,102.7346115,,1.712236875,2.646588375,1.711027821,2.5223767,,2.598828875,0.0477595,1,0.0477595
33.041,59,55,180,0.138574907,255,145,1.646866543,102.7346115,,1.711399125,2.696173,1.710545173,2.608442621,,2.646588375,0.049584625,1,0.049584625
33.702,59,55,181,0.138612499,255,145,1.646866543,102.7346115,,1.710474,2.746409375,1.710056182,2.703484978,,2.696173,0.050236375,1,0.050236375
39.783,59,55,130,0.136695288,192,145,1.646866543,77.80435686,,1.73549225,0.542651375,1.735179377,0.518308522,,,,130,
40.394,59,55,132,0.136770473,192,145,1.646866543,77.80435686,,1.734943,0.619361875,1.734193436,0.561042565,,0.542651375,0.0767105,2,0.03835525
41.055,59,55,134,0.136845658,192,145,1.646866543,77.80435686,,1.733152625,0.6953105,1.733217288,0.700341541,,0.619361875,0.075948625,2,0.037974312
41.715,59,55,136,0.136920842,192,145,1.646866543,77.80435686,,1.732322625,0.77610175,1.732178898,0.764919157,,0.6953105,0.08079125,2,0.040395625
42.374,59,55,138,0.136996027,192,145,1.646866543,77.80435686,,1.732093375,0.852966875,1.73119097,0.782755806,,0.77610175,0.076865125,2,0.038432563
43.034,59,55,140,0.137071212,192,145,1.646866543,77.80435686,,1.730933625,0.927196125,1.73023692,0.872989409,,0.852966875,0.07422925,2,0.037114625
43.643,59,55,142,0.137146397,192,145,1.646866543,77.80435686,,1.729314375,1.002622125,1.729267488,0.998974114,,0.927196125,0.075426,2,0.037713
44.305,59,55,144,0.137221581,192,145,1.646866543,77.80435686,,1.72895325,1.08610475,1.728194507,1.027071212,,1.002622125,0.083482625,2,0.041741313
44.966,59,55,146,0.137296766,192,145,1.646866543,77.80435686,,1.72812875,1.161464625,1.727225925,1.091220904,,1.08610475,0.075359875,2,0.037679937
45.576,59,55,148,0.137371951,192,145,1.646866543,77.80435686,,1.7263625,1.2362565,1.726264644,1.22864285,,1.161464625,0.074791875,2,0.037395937
46.25,59,55,150,0.137447136,192,145,1.646866543,77.80435686,,1.725811375,1.312629625,1.725283039,1.271522776,,1.2362565,0.076373125,2,0.038186562
46.91,59,55,152,0.13752232,192,145,1.646866543,77.80435686,,1.72528175,1.392174,1.724260675,1.312729908,,1.312629625,0.079544375,2,0.039772188
47.519,59,55,154,0.137597505,192,145,1.646866543,77.80435686,,1.723359,1.4687665,1.723276251,1.462328235,,1.392174,0.0765925,2,0.03829625
48.185,59,55,156,0.13767269,192,145,1.646866543,77.80435686,,1.72264825,1.544580375,1.722301834,1.517627682,,1.4687665,0.075813875,2,0.037906938
48.845,59,55,158,0.137747875,192,145,1.646866543,77.80435686,,1.72239125,1.619130875,1.721343655,1.537623402,,1.544580375,0.0745505,2,0.03727525
49.452,59,55,160,0.13782306,192,145,1.646866543,77.80435686,,1.720832125,1.70126875,1.720287957,1.65893012,,1.619130875,0.082137875,2,0.041068938
50.111,59,55,162,0.137898244,192,145,1.646866543,77.80435686,,1.719473875,1.777385375,1.719309649,1.764607887,,1.70126875,0.076116625,2,0.038058313
50.718,59,55,164,0.137973429,192,145,1.646866543,77.80435686,,1.71931325,1.853322875,1.718333643,1.777105212,,1.777385375,0.0759375,2,0.03796875
51.327,59,55,166,0.138048614,192,145,1.646866543,77.80435686,,1.7186295,1.928911,1.717362128,1.830303941,,1.853322875,0.075588125,2,0.037794062
52.003,59,55,168,0.138123799,192,145,1.646866543,77.80435686,,1.716641125,2.007661375,1.716349969,1.985008179,,1.928911,0.078750375,2,0.039375188
52.664,59,55,170,0.138198983,192,145,1.646866543,77.80435686,,1.7161695,2.083795625,1.715371435,2.021702659,,2.007661375,0.07613425,2,0.038067125
53.273,59,55,172,0.138274168,192,145,1.646866543,77.80435686,,1.715749,2.158401375,1.714412545,2.054419391,,2.083795625,0.07460575,2,0.037302875
53.933,59,55,174,0.138349353,192,145,1.646866543,77.80435686,,1.71394625,2.233935625,1.713441723,2.194681195,,2.158401375,0.07553425,2,0.037767125
54.592,59,55,176,0.138424538,192,145,1.646866543,77.80435686,,1.712996625,2.312114875,1.712436904,2.268566158,,2.233935625,0.07817925,2,0.039089625
55.251,59,55,178,0.138499722,192,145,1.646866543,77.80435686,,1.712689625,2.388493375,1.71145523,2.292452095,,2.312114875,0.0763785,2,0.03818925
55.911,59,55,180,0.138574907,192,145,1.646866543,77.80435686,,1.711300875,2.463329375,1.710493382,2.400502896,,2.388493375,0.074836,2,0.037418
56.571,59,55,182,0.138650092,192,145,1.646866543,77.80435686,,1.709964375,2.53668775,1.709550525,2.504488419,,2.463329375,0.073358375,2,0.036679188
57.231,59,55,184,0.138725277,192,145,1.646866543,77.80435686,,1.709625625,2.618049375,1.708504804,2.530844645,,2.53668775,0.081361625,2,0.040680812
57.842,59,55,186,0.138800461,192,145,1.646866543,77.80435686,,1.70883975,2.694015375,1.707528432,2.591989144,,2.618049375,0.075966,2,0.037983
63.27,59,55,116,0.136168995,128,145,1.646866543,52.47838389,,1.74200275,0.56362225,1.742082814,0.567823866,,,,116,
63.931,59,55,119,0.136281772,128,145,1.646866543,52.47838389,,1.74136575,0.6419375,1.74059048,0.601252596,,0.56362225,0.07831525,3,0.026105083
64.538,59,55,122,0.136394549,128,145,1.646866543,52.47838389,,1.738867875,0.722187875,1.739061272,0.732337039,,0.6419375,0.080250375,3,0.026750125
65.149,59,55,125,0.136507326,128,145,1.646866543,52.47838389,,1.738090625,0.798796375,1.737601461,0.773125863,,0.722187875,0.0766085,3,0.025536167
65.758,59,55,128,0.136620103,128,145,1.646866543,52.47838389,,1.735844375,0.877977,1.736092638,0.891005433,,0.798796375,0.079180625,3,0.026393542
66.419,59,55,131,0.136732881,128,145,1.646866543,52.47838389,,1.735305125,0.955032375,1.734624312,0.919304402,,0.877977,0.077055375,3,0.025685125
67.082,59,55,134,0.136845658,128,145,1.646866543,52.47838389,,1.733072375,1.03250625,1.733148011,1.036475513,,0.955032375,0.077473875,3,0.025824625
67.742,59,55,137,0.136958435,128,145,1.646866543,52.47838389,,1.732245375,1.111703625,1.731638868,1.079875137,,1.03250625,0.079197375,3,0.026399125
68.352,59,55,140,0.137071212,128,145,1.646866543,52.47838389,,1.730724125,1.1894865,1.73015668,1.159707878,,1.111703625,0.077782875,3,0.025927625
68.965,59,55,143,0.137183989,128,145,1.646866543,52.47838389,,1.729061,1.266333,1.728692334,1.24698599,,1.1894865,0.0768465,3,0.0256155
69.626,59,55,146,0.137296766,128,145,1.646866543,52.47838389,,1.727982125,1.34709975,1.727153286,1.303603607,,1.266333,0.08076675,3,0.02692225
70.287,59,55,149,0.137409543,128,145,1.646866543,52.47838389,,1.725891125,1.424304375,1.725682116,1.413335907,,1.34709975,0.077204625,3,0.025734875
70.897,59,55,152,0.13752232,128,145,1.646866543,52.47838389,,1.724909375,1.50289475,1.72418454,1.464856561,,1.424304375,0.078590375,3,0.026196792
71.573,59,55,155,0.137635098,128,145,1.646866543,52.47838389,,1.722769375,1.579234875,1.722729843,1.577160302,,1.50289475,0.076340125,3,0.025446708
72.236,59,55,158,0.137747875,128,145,1.646866543,52.47838389,,1.72230925,1.656242,1.721262436,1.601306919,,1.579234875,0.077007125,3,0.025669042
72.9,59,55,161,0.137860652,128,145,1.646866543,52.47838389,,1.7197445,1.736413875,1.719734724,1.735900854,,1.656242,0.080171875,3,0.026723958
73.558,59,55,164,0.137973429,128,145,1.646866543,52.47838389,,1.71927875,1.813903875,1.718258116,1.760342661,,1.736413875,0.07749,3,0.02583
74.171,59,55,167,0.138086206,128,145,1.646866543,52.47838389,,1.71741325,1.8907,1.71679473,1.858241086,,1.813903875,0.076796125,3,0.025598708
74.782,59,55,170,0.138198983,128,145,1.646866543,52.47838389,,1.71613225,1.9689815,1.71530304,1.925465896,,1.8907,0.0782815,3,0.026093833
75.443,59,55,173,0.13831176,128,145,1.646866543,52.47838389,,1.714811125,2.045473375,1.713845452,1.994796401,,1.9689815,0.076491875,3,0.025497292
76.106,59,55,176,0.138424538,128,145,1.646866543,52.47838389,,1.712948625,2.12289125,1.712370218,2.092537391,,2.045473375,0.077417875,3,0.025805958
76.717,59,55,179,0.138537315,128,145,1.646866543,52.47838389,,1.71202075,2.198677875,1.710926069,2.141230771,,2.12289125,0.075786625,3,0.025262208
77.38,59,55,182,0.138650092,128,145,1.646866543,52.47838389,,1.7098455,2.274157375,1.709487772,2.255384376,,2.198677875,0.0754795,3,0.025159833
78.039,59,55,185,0.138762869,128,145,1.646866543,52.47838389,,1.709306,2.354061,1.707965171,2.283696464,,2.274157375,0.079903625,3,0.026634542
78.7,59,55,188,0.138875646,128,145,1.646866543,52.47838389,,1.706930625,2.430717,1.706504455,2.408352305,,2.354061,0.076656,3,0.025552
79.363,59,55,191,0.138988423,128,145,1.646866543,52.47838389,,1.706389,2.50671475,1.705056283,2.43677591,,2.430717,0.07599775,3,0.025332583
79.975,59,55,194,0.1391012,128,145,1.646866543,52.47838389,,1.704408125,2.58403725,1.703582867,2.540729029,,2.50671475,0.0773225,3,0.025774167
80.634,59,55,197,0.139213978,128,145,1.646866543,52.47838389,,1.70324275,2.65955275,1.702143884,2.601886025,,2.58403725,0.0755155,3,0.025171833
81.294,59,55,200,0.139326755,128,145,1.646866543,52.47838389,,1.701975875,2.736865,1.700670663,2.668369578,,2.65955275,0.07731225,3,0.02577075
86.664,59,55,101,0.135605109,96,145,1.646866543,39.8153974,,1.7487865,0.547735375,1.749490275,0.575756468,,,,101,
87.272,59,55,105,0.135755479,96,145,1.646866543,39.8153974,,1.7479745,0.627892375,1.747477059,0.608086571,,0.547735375,0.080157,4,0.02003925
87.93,59,55,109,0.135905848,96,145,1.646866543,39.8153974,,1.745245375,0.705835375,1.74551945,0.716747767,,0.627892375,0.077943,4,0.01948575
88.547,59,55,113,0.136056218,96,145,1.646866543,39.8153974,,1.74367825,0.787177625,1.743476465,0.779143472,,0.705835375,0.08134225,4,0.020335563
89.162,59,55,117,0.136206587,96,145,1.646866543,39.8153974,,1.741909875,0.865759125,1.741502819,0.849552025,,0.787177625,0.0785815,4,0.019645375
89.825,59,55,121,0.136356957,96,145,1.646866543,39.8153974,,1.739288375,0.94589975,1.739490014,0.953928089,,0.865759125,0.080140625,4,0.020035156
90.436,59,55,125,0.136507326,96,145,1.646866543,39.8153974,,1.737916375,1.024471125,1.737516622,1.008554815,,0.94589975,0.078571375,4,0.019642844
91.045,59,55,129,0.136657696,96,145,1.646866543,39.8153974,,1.735571125,1.10379925,1.735524224,1.101931875,,1.024471125,0.079328125,4,0.019832031
91.706,59,55,133,0.136808065,96,145,1.646866543,39.8153974,,1.733674,1.18195175,1.733561353,1.177466661,,1.10379925,0.0781525,4,0.019538125
92.367,59,55,137,0.136958435,96,145,1.646866543,39.8153974,,1.732165875,1.262506,1.731538159,1.237513257,,1.18195175,0.08055425,4,0.020138562
92.976,59,55,141,0.137108804,96,145,1.646866543,39.8153974,,1.72970175,1.339464875,1.729605267,1.335623373,,1.262506,0.076958875,4,0.019239719
93.586,59,55,145,0.137259174,96,145,1.646866543,39.8153974,,1.72866775,1.420004625,1.727582438,1.376792494,,1.339464875,0.08053975,4,0.020134938
94.245,59,55,149,0.137409543,96,145,1.646866543,39.8153974,,1.72589425,1.4974965,1.725636159,1.487220499,,1.420004625,0.077491875,4,0.019372969
94.907,59,55,153,0.137559913,96,145,1.646866543,39.8153974,,1.723878875,1.577336375,1.723630908,1.567463456,,1.4974965,0.079839875,4,0.019959969
95.573,59,55,157,0.137710282,96,145,1.646866543,39.8153974,,1.722521375,1.65538025,1.721670765,1.621512858,,1.577336375,0.078043875,4,0.019510969
96.233,59,55,161,0.137860652,96,145,1.646866543,39.8153974,,1.719744125,1.734917375,1.719673117,1.73209017,,1.65538025,0.079537125,4,0.019884281
96.848,59,55,165,0.138011021,96,145,1.646866543,39.8153974,,1.7190025,1.811874875,1.717740259,1.761618264,,1.734917375,0.0769575,4,0.019239375
97.507,59,55,169,0.138161391,96,145,1.646866543,39.8153974,,1.716202375,1.891517875,1.715739953,1.873106354,,1.811874875,0.079643,4,0.01991075
98.118,59,55,173,0.13831176,96,145,1.646866543,39.8153974,,1.714775875,1.9686905,1.713801692,1.929903018,,1.891517875,0.077172625,4,0.019293156
98.782,59,55,177,0.13846213,96,145,1.646866543,39.8153974,,1.71281575,2.046589875,1.711845178,2.007946174,,1.9686905,0.077899375,4,0.019474844
99.451,59,55,181,0.138612499,96,145,1.646866543,39.8153974,,1.710137625,2.12432075,1.709892896,2.114576785,,2.046589875,0.077730875,4,0.019432719
100.06,59,55,185,0.138762869,96,145,1.646866543,39.8153974,,1.709355,2.203045,1.707915665,2.14573731,,2.12432075,0.07872425,4,0.019681063
100.67,59,55,189,0.138913238,96,145,1.646866543,39.8153974,,1.70654775,2.280450625,1.705971552,2.257509085,,2.203045,0.077405625,4,0.019351406
101.329,59,55,193,0.139063608,96,145,1.646866543,39.8153974,,1.705417125,2.357551125,1.704035103,2.302525368,,2.280450625,0.0771005,4,0.019275125
101.99,59,55,197,0.139213978,96,145,1.646866543,39.8153974,,1.703187625,2.434023625,1.702114426,2.391293797,,2.357551125,0.0764725,4,0.019118125
102.651,59,55,201,0.139364347,96,145,1.646866543,39.8153974,,1.70076425,2.512686625,1.700138733,2.487781436,,2.434023625,0.078663,4,0.01966575
103.312,59,55,205,0.139514717,96,145,1.646866543,39.8153974,,1.699691375,2.589269375,1.698215288,2.53049838,,2.512686625,0.07658275,4,0.019145687
103.932,59,55,209,0.139665086,96,145,1.646866543,39.8153974,,1.6969355,2.66611725,1.696285183,2.640224638,,2.589269375,0.076847875,4,0.019211969
104.543,59,55,213,0.139815456,96,145,1.646866543,39.8153974,,1.695768,2.74278725,1.694359547,2.686709115,,2.66611725,0.07667,4,0.0191675
109.812,59,55,73,0.134552523,64,145,1.646866543,27.15241091,,1.762534375,0.544464375,1.763342295,0.566401356,,,,73,
110.424,59,55,78,0.134740484,64,145,1.646866543,27.15241091,,1.7610525,0.611279,1.76088157,0.606637834,,0.544464375,0.066814625,5,0.013362925
111.083,59,55,83,0.134928446,64,145,1.646866543,27.15241091,,1.758073,0.679945,1.75835266,0.687538443,,0.611279,0.068666,5,0.0137332
111.743,59,55,88,0.135116408,64,145,1.646866543,27.15241091,,1.755273625,0.747405375,1.755868152,0.763548223,,0.679945,0.067460375,5,0.013492075
112.354,59,55,93,0.13530437,64,145,1.646866543,27.15241091,,1.75376075,0.814475625,1.753398012,0.804626427,,0.747405375,0.06707025,5,0.01341405
113.014,59,55,98,0.135492332,64,145,1.646866543,27.15241091,,1.751071,0.882704125,1.750885215,0.877659624,,0.814475625,0.0682285,5,0.0136457
113.622,59,55,103,0.135680294,64,145,1.646866543,27.15241091,,1.748409125,0.948987625,1.748444051,0.949935948,,0.882704125,0.0662835,5,0.0132567
114.234,59,55,108,0.135868256,64,145,1.646866543,27.15241091,,1.745367125,1.01709475,1.745935724,1.032533582,,0.948987625,0.068107125,5,0.013621425
114.893,59,55,113,0.136056218,64,145,1.646866543,27.15241091,,1.743513625,1.085927625,1.743400668,1.082860575,,1.01709475,0.068832875,5,0.013766575
115.503,59,55,118,0.13624418,64,145,1.646866543,27.15241091,,1.741726125,1.1515915,1.740982324,1.13139551,,1.085927625,0.065663875,5,0.013132775
116.112,59,55,123,0.136432141,64,145,1.646866543,27.15241091,,1.73866375,1.2206885,1.738437541,1.214546374,,1.1515915,0.069097,5,0.0138194
116.772,59,55,128,0.136620103,64,145,1.646866543,27.15241091,,1.735635875,1.288676,1.735933619,1.29676048,,1.2206885,0.0679875,5,0.0135975
117.432,59,55,133,0.136808065,64,145,1.646866543,27.15241091,,1.733588375,1.354481875,1.733510046,1.352355042,,1.288676,0.065805875,5,0.013161175
118.043,59,55,138,0.136996027,64,145,1.646866543,27.15241091,,1.731869875,1.422274875,1.731013288,1.39901646,,1.354481875,0.067793,5,0.0135586
118.703,59,55,143,0.137183989,64,145,1.646866543,27.15241091,,1.72905775,1.489185,1.728549045,1.475372434,,1.422274875,0.066910125,5,0.013382025
119.327,59,55,148,0.137371951,64,145,1.646866543,27.15241091,,1.726143,1.556349,1.726075453,1.554514923,,1.489185,0.067164,5,0.0134328
119.936,59,55,153,0.137559913,64,145,1.646866543,27.15241091,,1.723658875,1.623479125,1.723603108,1.621964906,,1.556349,0.067130125,5,0.013426025
120.598,59,55,158,0.137747875,64,145,1.646866543,27.15241091,,1.722204625,1.691031125,1.721115225,1.6614513,,1.623479125,0.067552,5,0.0135104
121.258,59,55,163,0.137935837,64,145,1.646866543,27.15241091,,1.719357125,1.758006,1.718648598,1.73876779,,1.691031125,0.066974875,5,0.013394975
121.87,59,55,168,0.138123799,64,145,1.646866543,27.15241091,,1.716524375,1.824899875,1.716184954,1.815683782,,1.758006,0.066893875,5,0.013378775
122.532,59,55,173,0.13831176,64,145,1.646866543,27.15241091,,1.7148095,1.89155825,1.713729983,1.862246772,,1.824899875,0.066658375,5,0.013331675
123.191,59,55,178,0.138499722,64,145,1.646866543,27.15241091,,1.71234475,1.958038875,1.711281559,1.929170677,,1.89155825,0.066480625,5,0.013296125
123.854,59,55,183,0.138687684,64,145,1.646866543,27.15241091,,1.70970975,2.023192875,1.708881993,2.00071728,,1.958038875,0.065154,5,0.0130308
124.518,59,55,188,0.138875646,64,145,1.646866543,27.15241091,,1.706854875,2.09067525,1.706396675,2.078234019,,2.023192875,0.067482375,5,0.013496475
125.127,59,55,193,0.139063608,64,145,1.646866543,27.15241091,,1.705433875,2.15632125,1.703978989,2.116817595,,2.09067525,0.065646,5,0.0131292
125.788,59,55,198,0.13925157,64,145,1.646866543,27.15241091,,1.703077875,2.220847,1.701602561,2.180788675,,2.15632125,0.06452575,5,0.01290515
126.447,59,55,203,0.139439532,64,145,1.646866543,27.15241091,,1.700088,2.287348375,1.699153373,2.26197099,,2.220847,0.066501375,5,0.013300275
127.11,59,55,208,0.139627494,64,145,1.646866543,27.15241091,,1.697356875,2.352794,1.696743066,2.336127618,,2.287348375,0.065445625,5,0.013089125
127.782,59,55,213,0.139815456,64,145,1.646866543,27.15241091,,1.69585325,2.417653,1.694354365,2.376954662,,2.352794,0.064859,5,0.0129718
128.443,59,55,218,0.140003417,64,145,1.646866543,27.15241091,,1.69346425,2.483867,1.69191576,2.441821771,,2.417653,0.066214,5,0.0132428
129.104,59,55,223,0.140191379,64,145,1.646866543,27.15241091,,1.690570125,2.548533,1.689534167,2.520404243,,2.483867,0.064666,5,0.0129332
129.765,59,55,228,0.140379341,64,145,1.646866543,27.15241091,,1.68817,2.615018375,1.687085568,2.585573423,,2.548533,0.066485375,5,0.013297075
130.376,59,55,233,0.140567303,64,145,1.646866543,27.15241091,,1.686305125,2.68050675,1.684673687,2.636209275,,2.615018375,0.065488375,5,0.013097675
130.985,59,55,238,0.140755265,64,145,1.646866543,27.15241091,,1.683843625,2.744855625,1.682303773,2.703044935,,2.68050675,0.064348875,5,0.012869775
134.563,59,55,47,0.133575121,48,145,1.646866543,20.82091767,,1.775316625,0.55001575,1.776241581,0.569274178,,,,47,
135.225,59,55,54,0.133838267,48,145,1.646866543,20.82091767,,1.77193175,0.622633875,1.772753832,0.639750381,,0.55001575,0.072618125,7,0.010374018
135.833,59,55,61,0.134101414,48,145,1.646866543,20.82091767,,1.768516,0.696356125,1.769213054,0.710869431,,0.622633875,0.07372225,7,0.01053175
136.446,59,55,68,0.134364561,48,145,1.646866543,20.82091767,,1.765118625,0.76871025,1.765737985,0.781605896,,0.696356125,0.072354125,7,0.010336304
137.106,59,55,75,0.134627707,48,145,1.646866543,20.82091767,,1.761423125,0.842234,1.762206741,0.858549597,,0.76871025,0.07352375,7,0.010503393
137.77,59,55,82,0.134890854,48,145,1.646866543,20.82091767,,1.758197125,0.91432775,1.758744177,0.925717878,,0.842234,0.07209375,7,0.010299107
138.379,59,55,89,0.135154001,48,145,1.646866543,20.82091767,,1.7549345,0.986385375,1.755283349,0.993648724,,0.91432775,0.072057625,7,0.010293946
139.055,59,55,96,0.135417147,48,145,1.646866543,20.82091767,,1.7515895,1.059687375,1.751762755,1.063294694,,0.986385375,0.073302,7,0.010471714
139.718,59,55,103,0.135680294,48,145,1.646866543,20.82091767,,1.748388625,1.130893,1.748342846,1.129939849,,1.059687375,0.071205625,7,0.010172232
140.325,59,55,110,0.135943441,48,145,1.646866543,20.82091767,,1.745135875,1.203184625,1.744870779,1.197665089,,1.130893,0.072291625,7,0.010327375
140.985,59,55,117,0.136206587,48,145,1.646866543,20.82091767,,1.74191975,1.27709925,1.741320762,1.264627763,,1.203184625,0.073914625,7,0.010559232
141.649,59,55,124,0.136469734,48,145,1.646866543,20.82091767,,1.738360375,1.3489495,1.737869893,1.338737216,,1.27709925,0.07185025,7,0.010264321
142.309,59,55,131,0.136732881,48,145,1.646866543,20.82091767,,1.735112375,1.42066375,1.734425556,1.406363557,,1.3489495,0.07171425,7,0.010244893
142.97,59,55,138,0.136996027,48,145,1.646866543,20.82091767,,1.7318305,1.49352625,1.730926071,1.474695206,,1.42066375,0.0728625,7,0.010408929
143.581,59,55,145,0.137259174,48,145,1.646866543,20.82091767,,1.728658625,1.565628375,1.727463105,1.540736554,,1.49352625,0.072102125,7,0.010300304
144.193,59,55,152,0.13752232,48,145,1.646866543,20.82091767,,1.72437625,1.6374495,1.724013635,1.629899532,,1.565628375,0.071821125,7,0.010260161
144.856,59,55,159,0.137785467,48,145,1.646866543,20.82091767,,1.7213265,1.709084375,1.720573111,1.693398125,,1.6374495,0.071634875,7,0.010233554
145.515,59,55,166,0.138048614,48,145,1.646866543,20.82091767,,1.718080625,1.780172,1.71715887,1.760980222,,1.709084375,0.071087625,7,0.010155375
146.124,59,55,173,0.13831176,48,145,1.646866543,20.82091767,,1.714682125,1.852093375,1.713704586,1.83174011,,1.780172,0.071921375,7,0.010274482
146.784,59,55,180,0.138574907,48,145,1.646866543,20.82091767,,1.710600125,1.923348,1.710282324,1.916731096,,1.852093375,0.071254625,7,0.010179232
147.446,59,55,187,0.138838054,48,145,1.646866543,20.82091767,,1.707471875,1.994696375,1.70685556,1.981864132,,1.923348,0.071348375,7,0.010192625
148.056,59,55,194,0.1391012,48,145,1.646866543,20.82091767,,1.704294125,2.06551925,1.703454035,2.048027803,,1.994696375,0.070822875,7,0.010117554
148.716,59,55,201,0.139364347,48,145,1.646866543,20.82091767,,1.700823875,2.13604,1.70006702,2.120281593,,2.06551925,0.07052075,7,0.010074393
149.379,59,55,208,0.139627494,48,145,1.646866543,20.82091767,,1.697229375,2.205975,1.696708139,2.195122381,,2.13604,0.069935,7,0.009990714
150.042,59,55,215,0.13989064,48,145,1.646866543,20.82091767,,1.694084125,2.27578125,1.693355441,2.260609372,,2.205975,0.06980625,7,0.009972321
150.712,59,55,222,0.140153787,48,145,1.646866543,20.82091767,,1.6909435,2.3458195,1.6899916,2.326000067,,2.27578125,0.07003825,7,0.010005464
151.323,59,55,229,0.140416934,48,145,1.646866543,20.82091767,,1.687546125,2.41620725,1.686610973,2.396736532,,2.3458195,0.07038775,7,0.010055393
151.983,59,55,236,0.14068008,48,145,1.646866543,20.82091767,,1.684116125,2.486055625,1.683256252,2.46815228,,2.41620725,0.069848375,7,0.009978339
152.647,59,55,243,0.140943227,48,145,1.646866543,20.82091767,,1.680976125,2.5554495,1.67992336,2.533529961,,2.486055625,0.069393875,7,0.009913411
153.308,59,55,250,0.141206374,48,145,1.646866543,20.82091767,,1.677754375,2.6251105,1.676577638,2.600609753,,2.5554495,0.069661,7,0.009951571
154.527,59,55,0,0.131808279,32,145,1.646866543,14.48942443,,1.7996145,0.56747825,1.7995921,0.567153681,,,,,
155.135,59,55,9,0.13214661,32,145,1.646866543,14.48942443,,1.794151125,0.633684125,1.795022845,0.64631484,,0.56747825,0.066205875,9,0.007356208
155.746,59,55,18,0.132484942,32,145,1.646866543,14.48942443,,1.7902895,0.698798125,1.790528946,0.702267564,,0.633684125,0.065114,9,0.007234889
156.409,59,55,27,0.132823273,32,145,1.646866543,14.48942443,,1.78549525,0.76394325,1.7860329,0.771733487,,0.698798125,0.065145125,9,0.007238347
157.07,59,55,36,0.133161605,32,145,1.646866543,14.48942443,,1.780838,0.82971875,1.781493348,0.839214359,,0.76394325,0.0657755,9,0.007308389
157.68,59,55,45,0.133499936,32,145,1.646866543,14.48942443,,1.777085625,0.89432375,1.777034578,0.893584113,,0.82971875,0.064605,9,0.007178333
158.341,59,55,54,0.133838267,32,145,1.646866543,14.48942443,,1.771740125,0.95827525,1.772620911,0.971037331,,0.89432375,0.0639515,9,0.007105722
159.003,59,55,63,0.134176599,32,145,1.646866543,14.48942443,,1.767840625,1.0239665,1.768087173,1.027538841,,0.95827525,0.06569125,9,0.007299028
159.663,59,55,72,0.13451493,32,145,1.646866543,14.48942443,,1.7632625,1.090098125,1.763523043,1.093873238,,1.0239665,0.066131625,9,0.007347958
160.326,59,55,81,0.134853262,32,145,1.646866543,14.48942443,,1.75837375,1.15424,1.759096236,1.164708411,,1.090098125,0.064141875,9,0.007126875
160.937,59,55,90,0.135191593,32,145,1.646866543,14.48942443,,1.754852625,1.21878875,1.754641349,1.215727486,,1.15424,0.06454875,9,0.007172083
161.6,59,55,99,0.135529924,32,145,1.646866543,14.48942443,,1.74978375,1.284100125,1.750133829,1.289172567,,1.21878875,0.065311375,9,0.007256819
162.262,59,55,108,0.135868256,32,145,1.646866543,14.48942443,,1.745325,1.34802775,1.745721809,1.353777288,,1.284100125,0.063927625,9,0.007103069
162.872,59,55,117,0.136206587,32,145,1.646866543,14.48942443,,1.74192825,1.412690625,1.741259046,1.402994241,,1.34802775,0.064662875,9,0.007184764
163.531,59,55,126,0.136544919,32,145,1.646866543,14.48942443,,1.736551625,1.477768125,1.736767667,1.480898442,,1.412690625,0.0650775,9,0.007230833
164.14,59,55,135,0.13688325,32,145,1.646866543,14.48942443,,1.73241,1.54124525,1.732386739,1.540908205,,1.477768125,0.063477125,9,0.007053014
164.804,59,55,144,0.137221581,32,145,1.646866543,14.48942443,,1.728922125,1.606374125,1.727891814,1.591445506,,1.54124525,0.065128875,9,0.007236542
165.463,59,55,153,0.137559913,32,145,1.646866543,14.48942443,,1.72332275,1.671740125,1.723380523,1.672577227,,1.606374125,0.065366,9,0.007262889
166.077,59,55,162,0.137898244,32,145,1.646866543,14.48942443,,1.719406,1.735364875,1.718989407,1.72932868,,1.671740125,0.06362475,9,0.007069417
166.74,59,55,171,0.138236576,32,145,1.646866543,14.48942443,,1.715941875,1.798438125,1.714636353,1.779521857,,1.735364875,0.06307325,9,0.007008139
167.402,59,55,180,0.138574907,32,145,1.646866543,14.48942443,,1.710544875,1.862057875,1.710245581,1.857721281,,1.798438125,0.06361975,9,0.007068861
168.027,59,55,189,0.138913238,32,145,1.646866543,14.48942443,,1.706559875,1.9257305,1.705851161,1.915461637,,1.862057875,0.063672625,9,0.007074736
168.636,59,55,198,0.13925157,32,145,1.646866543,14.48942443,,1.703125875,1.98813925,1.701543968,1.965218321,,1.9257305,0.06240875,9,0.006934306
169.248,59,55,207,0.139589901,32,145,1.646866543,14.48942443,,1.697763375,2.05122975,1.697189723,2.042917859,,1.98813925,0.0630905,9,0.007010056
169.917,59,55,216,0.139928233,32,145,1.646866543,14.48942443,,1.693700625,2.114383625,1.692831104,2.101784768,,2.05122975,0.063153875,9,0.007017097
170.58,59,55,225,0.140266564,32,145,1.646866543,14.48942443,,1.690184,2.17675175,1.688526715,2.152738641,,2.114383625,0.062368125,9,0.006929792
171.19,59,55,234,0.140604896,32,145,1.646866543,14.48942443,,1.685226375,2.23891475,1.684236482,2.224571773,,2.17675175,0.062163,9,0.006907
171.854,59,55,243,0.140943227,32,145,1.646866543,14.48942443,,1.68091825,2.301109375,1.679944067,2.286994025,,2.23891475,0.062194625,9,0.006910514
172.463,59,55,252,0.141281558,32,145,1.646866543,14.48942443,,1.677347375,2.36251825,1.675705881,2.338733948,,2.301109375,0.061408875,9,0.006823208
173.587,59,55,0,0.131808279,24,145,1.646866543,11.32367781,,1.79957675,0.819864,1.799542214,0.819472929,,,,,
174.196,59,55,9,0.13214661,24,145,1.646866543,11.32367781,,1.794050375,0.87129025,1.795000735,0.882051819,,0.819864,0.05142625,9,0.005714028
174.805,59,55,18,0.132484942,24,145,1.646866543,11.32367781,,1.790257875,0.922171375,1.790507396,0.924996867,,0.87129025,0.050881125,9,0.005653458
175.466,59,55,27,0.132823273,24,145,1.646866543,11.32367781,,1.78553075,0.973169125,1.786003757,0.978525307,,0.922171375,0.05099775,9,0.005666417
176.077,59,55,36,0.133161605,24,145,1.646866543,11.32367781,,1.780783875,1.024221375,1.781495306,1.03227739,,0.973169125,0.05105225,9,0.005672472
176.686,59,55,45,0.133499936,24,145,1.646866543,11.32367781,,1.776885625,1.075398,1.776975871,1.076419917,,1.024221375,0.051176625,9,0.005686292
177.347,59,55,54,0.133838267,24,145,1.646866543,11.32367781,,1.771552,1.125392625,1.772560819,1.136816168,,1.075398,0.049994625,9,0.005554958
178.01,59,55,63,0.134176599,24,145,1.646866543,11.32367781,,1.767797875,1.176379125,1.768058174,1.17932667,,1.125392625,0.0509865,9,0.005665167
178.672,59,55,72,0.13451493,24,145,1.646866543,11.32367781,,1.762924375,1.227688625,1.763527005,1.234512614,,1.176379125,0.0513095,9,0.005701056
179.334,59,55,81,0.134853262,24,145,1.646866543,11.32367781,,1.758233625,1.279008125,1.758994953,1.287629156,,1.227688625,0.0513195,9,0.005702167
179.996,59,55,90,0.135191593,24,145,1.646866543,11.32367781,,1.754858375,1.32901475,1.754578841,1.325849399,,1.279008125,0.050006625,9,0.005556292
180.657,59,55,99,0.135529924,24,145,1.646866543,11.32367781,,1.749580125,1.37952625,1.750118144,1.385618601,,1.32901475,0.0505115,9,0.005612389
181.27,59,55,108,0.135868256,24,145,1.646866543,11.32367781,,1.745253125,1.429874375,1.745671874,1.434616155,,1.37952625,0.050348125,9,0.005594236
181.88,59,55,117,0.136206587,24,145,1.646866543,11.32367781,,1.741845875,1.481360875,1.741125074,1.473198757,,1.429874375,0.0514865,9,0.005720722
182.545,59,55,126,0.136544919,24,145,1.646866543,11.32367781,,1.736257375,1.53081125,1.736758085,1.53648113,,1.481360875,0.049450375,9,0.005494486
183.205,59,55,135,0.13688325,24,145,1.646866543,11.32367781,,1.732379,1.581006125,1.732325349,1.580398599,,1.53081125,0.050194875,9,0.005577208
183.867,59,55,144,0.137221581,24,145,1.646866543,11.32367781,,1.728888625,1.631749875,1.727844142,1.619922481,,1.581006125,0.05074375,9,0.005638194
184.543,59,55,153,0.137559913,24,145,1.646866543,11.32367781,,1.723089375,1.683041875,1.723314518,1.685591319,,1.631749875,0.051292,9,0.005699111
185.154,59,55,162,0.137898244,24,145,1.646866543,11.32367781,,1.719438625,1.73255575,1.718941921,1.726931236,,1.683041875,0.049513875,9,0.005501542
185.774,59,55,171,0.138236576,24,145,1.646866543,11.32367781,,1.715936,1.781698625,1.714602088,1.766593833,,1.73255575,0.049142875,9,0.005460319
186.452,59,55,180,0.138574907,24,145,1.646866543,11.32367781,,1.710329625,1.83123225,1.710227747,1.830078617,,1.781698625,0.049533625,9,0.005503736
187.114,59,55,189,0.138913238,24,145,1.646866543,11.32367781,,1.70649175,1.88181125,1.705761089,1.873537477,,1.83123225,0.050579,9,0.005619889
187.773,59,55,198,0.13925157,24,145,1.646866543,11.32367781,,1.70309,1.930499125,1.701461437,1.912057798,,1.88181125,0.048687875,9,0.005409764
188.382,59,55,207,0.139589901,24,145,1.646866543,11.32367781,,1.697639,1.979819,1.697105972,1.973783166,,1.930499125,0.049319875,9,0.005479986
189.047,59,55,216,0.139928233,24,145,1.646866543,11.32367781,,1.693639625,2.029033375,1.692759825,2.0190708,,1.979819,0.049214375,9,0.005468264
189.707,59,55,225,0.140266564,24,145,1.646866543,11.32367781,,1.69015625,2.078350625,1.688404592,2.058515416,,2.029033375,0.04931725,9,0.005479694
190.368,59,55,234,0.140604896,24,145,1.646866543,11.32367781,,1.68506525,2.126691,1.684135628,2.11616426,,2.078350625,0.048340375,9,0.005371153
191.03,59,55,243,0.140943227,24,145,1.646866543,11.32367781,,1.68091525,2.1747705,1.679889702,2.163157523,,2.126691,0.0480795,9,0.005342167
191.691,59,55,252,0.141281558,24,145,1.646866543,11.32367781,,1.677337625,2.223233375,1.67560992,2.203669395,,2.1747705,0.048462875,9,0.005384764
192.915,59,55,0,0.131808279,16,145,1.646866543,8.157931185,,1.799437625,1.075006,1.799115751,1.072380173,,,,,
193.576,59,55,9,0.13214661,16,145,1.646866543,8.157931185,,1.793973875,1.111639625,1.794625198,1.116953069,,1.075006,0.036633625,9,0.004070403
194.241,59,55,18,0.132484942,16,145,1.646866543,8.157931185,,1.790214625,1.148057125,1.790161137,1.147620772,,1.111639625,0.0364175,9,0.004046389
194.902,59,55,27,0.132823273,16,145,1.646866543,8.157931185,,1.785345875,1.184581125,1.785684021,1.1873397,,1.148057125,0.036524,9,0.004058222
195.51,59,55,36,0.133161605,16,145,1.646866543,8.157931185,,1.780760875,1.220994375,1.781220482,1.224743814,,1.184581125,0.03641325,9,0.004045917
196.172,59,55,45,0.133499936,16,145,1.646866543,8.157931185,,1.776809625,1.2582685,1.776651416,1.25697784,,1.220994375,0.037274125,9,0.004141569
196.78,59,55,54,0.133838267,16,145,1.646866543,8.157931185,,1.77157675,1.294015,1.772269606,1.299667274,,1.2582685,0.0357465,9,0.003971833
197.402,59,55,63,0.134176599,16,145,1.646866543,8.157931185,,1.767793875,1.330636,1.767780601,1.330527708,,1.294015,0.036621,9,0.004069
198.011,59,55,72,0.13451493,16,145,1.646866543,8.157931185,,1.76296925,1.36747125,1.763265332,1.369886666,,1.330636,0.03683525,9,0.004092806
198.672,59,55,81,0.134853262,16,145,1.646866543,8.157931185,,1.758234,1.403565,1.758840957,1.40851651,,1.36747125,0.03609375,9,0.004010417
199.355,59,55,90,0.135191593,16,145,1.646866543,8.157931185,,1.754841,1.439784125,1.754401213,1.436196371,,1.403565,0.036219125,9,0.004024347
199.965,59,55,99,0.135529924,16,145,1.646866543,8.157931185,,1.7494185,1.476734,1.749871893,1.480432752,,1.439784125,0.036949875,9,0.004105542
200.579,59,55,108,0.135868256,16,145,1.646866543,8.157931185,,1.745254375,1.512593875,1.745476186,1.514403398,,1.476734,0.035859875,9,0.003984431
201.25,59,55,117,0.136206587,16,145,1.646866543,8.157931185,,1.741892125,1.548602,1.741062307,1.541832402,,1.512593875,0.036008125,9,0.004000903
201.913,59,55,126,0.136544919,16,145,1.646866543,8.157931185,,1.73615825,1.584444875,1.736668684,1.588608959,,1.548602,0.035842875,9,0.003982542
202.522,59,55,135,0.13688325,16,145,1.646866543,8.157931185,,1.732371375,1.620309875,1.732272349,1.619502025,,1.584444875,0.035865,9,0.003985
203.182,59,55,144,0.137221581,16,145,1.646866543,8.157931185,,1.728888125,1.6582945,1.72761619,1.647918139,,1.620309875,0.037984625,9,0.004220514
203.846,59,55,153,0.137559913,16,145,1.646866543,8.157931185,,1.7231125,1.693701125,1.723276042,1.69503529,,1.6582945,0.035406625,9,0.003934069
204.457,59,55,162,0.137898244,16,145,1.646866543,8.157931185,,1.7194055,1.72923925,1.718919775,1.725276741,,1.693701125,0.035538125,9,0.003948681
205.116,59,55,171,0.138236576,16,145,1.646866543,8.157931185,,1.715949125,1.764602875,1.714584899,1.753473611,,1.72923925,0.035363625,9,0.003929292
205.778,59,55,180,0.138574907,16,145,1.646866543,8.157931185,,1.710351375,1.799971875,1.710249363,1.79913967,,1.764602875,0.035369,9,0.003929889
206.436,59,55,189,0.138913238,16,145,1.646866543,8.157931185,,1.706487625,1.835605125,1.705881436,1.830659876,,1.799971875,0.03563325,9,0.00395925
207.098,59,55,198,0.13925157,16,145,1.646866543,8.157931185,,1.703070125,1.871675,1.701459987,1.858539606,,1.835605125,0.036069875,9,0.004007764
207.71,59,55,207,0.139589901,16,145,1.646866543,8.157931185,,1.69749325,1.90689425,1.697142808,1.904035369,,1.871675,0.03521925,9,0.00391325
208.32,59,55,216,0.139928233,16,145,1.646866543,8.157931185,,1.693660875,1.9419915,1.692840584,1.93529962,,1.90689425,0.03509725,9,0.003899694
208.984,59,55,225,0.140266564,16,145,1.646866543,8.157931185,,1.690145625,1.977289,1.688513813,1.963976788,,1.9419915,0.0352975,9,0.003921944
209.597,59,55,234,0.140604896,16,145,1.646866543,8.157931185,,1.684963875,2.01226425,1.684226543,2.006249148,,1.977289,0.03497525,9,0.003886139
210.218,59,55,243,0.140943227,16,145,1.646866543,8.157931185,,1.6808855,2.047021375,1.679966011,2.03952025,,2.01226425,0.034757125,9,0.003861903
210.88,59,55,252,0.141281558,16,145,1.646866543,8.157931185,,1.67733275,2.082166125,1.675657965,2.06850334,,2.047021375,0.03514475,9,0.003904972
212.107,59,55,0,0.131808279,8,145,1.646866543,4.992184563,,1.799241625,1.325009125,1.799177796,1.324690479,,,,,
212.718,59,55,9,0.13214661,8,145,1.646866543,4.992184563,,1.7939745,1.347315625,1.794709512,1.350984939,,1.325009125,0.0223065,9,0.0024785
213.379,59,55,18,0.132484942,8,145,1.646866543,4.992184563,,1.790127125,1.369972625,1.790171018,1.370191745,,1.347315625,0.022657,9,0.002517444
214.044,59,55,27,0.132823273,8,145,1.646866543,4.992184563,,1.785003375,1.392407875,1.785676943,1.39577045,,1.369972625,0.02243525,9,0.002492806
214.653,59,55,36,0.133161605,8,145,1.646866543,4.992184563,,1.780693875,1.4147215,1.781207231,1.41728427,,1.392407875,0.022313625,9,0.002479292
215.315,59,55,45,0.133499936,8,145,1.646866543,4.992184563,,1.776723625,1.436752,1.776794233,1.437104491,,1.4147215,0.0220305,9,0.002447833
215.977,59,55,54,0.133838267,8,145,1.646866543,4.992184563,,1.77140225,1.46004525,1.77212829,1.463669777,,1.436752,0.02329325,9,0.002588139
216.59,59,55,63,0.134176599,8,145,1.646866543,4.992184563,,1.767715,1.4823885,1.767652644,1.482077209,,1.46004525,0.02234325,9,0.002482583
217.252,59,55,72,0.13451493,8,145,1.646866543,4.992184563,,1.7627515,1.5047605,1.76317124,1.506855917,,1.4823885,0.022372,9,0.002485778
217.912,59,55,81,0.134853262,8,145,1.646866543,4.992184563,,1.758217,1.526655125,1.758785459,1.529492978,,1.5047605,0.021894625,9,0.002432736
218.522,59,55,90,0.135191593,8,145,1.646866543,4.992184563,,1.754809125,1.548770125,1.754355535,1.546505719,,1.526655125,0.022115,9,0.002457222
219.197,59,55,99,0.135529924,8,145,1.646866543,4.992184563,,1.749271375,1.57090175,1.74992228,1.574151189,,1.548770125,0.022131625,9,0.002459069
219.857,59,55,108,0.135868256,8,145,1.646866543,4.992184563,,1.745247875,1.59305825,1.745484043,1.594237244,,1.57090175,0.0221565,9,0.002461833
220.467,59,55,117,0.136206587,8,145,1.646866543,4.992184563,,1.74183125,1.615338625,1.741020992,1.611293666,,1.59305825,0.022280375,9,0.002475597
221.081,59,55,126,0.136544919,8,145,1.646866543,4.992184563,,1.736078375,1.63709675,1.736662554,1.64001308,,1.615338625,0.021758125,9,0.002417569
221.742,59,55,135,0.13688325,8,145,1.646866543,4.992184563,,1.732314125,1.66062625,1.731949287,1.658804911,,1.63709675,0.0235295,9,0.002614389
222.354,59,55,144,0.137221581,8,145,1.646866543,4.992184563,,1.728835375,1.682841625,1.727499256,1.676171473,,1.66062625,0.022215375,9,0.002468375
222.965,59,55,153,0.137559913,8,145,1.646866543,4.992184563,,1.722980375,1.704481,1.723164606,1.705400714,,1.682841625,0.021639375,9,0.002404375
223.625,59,55,162,0.137898244,8,145,1.646866543,4.992184563,,1.7193725,1.726295375,1.7187949,1.723411891,,1.704481,0.021814375,9,0.002423819
224.29,59,55,171,0.138236576,8,145,1.646866543,4.992184563,,1.71585925,1.747795875,1.714488068,1.740950684,,1.726295375,0.0215005,9,0.002388944
224.902,59,55,180,0.138574907,8,145,1.646866543,4.992184563,,1.710191375,1.76941675,1.710157124,1.769245762,,1.747795875,0.021620875,9,0.002402319
225.576,59,55,189,0.138913238,8,145,1.646866543,4.992184563,,1.706511625,1.791131375,1.7058074,1.787615753,,1.76941675,0.021714625,9,0.002412736
226.236,59,55,198,0.13925157,8,145,1.646866543,4.992184563,,1.702962875,1.8125415,1.701518671,1.805331768,,1.791131375,0.021410125,9,0.002378903
226.895,59,55,207,0.139589901,8,145,1.646866543,4.992184563,,1.697365,1.834219,1.697176384,1.833277393,,1.8125415,0.0216775,9,0.002408611
227.557,59,55,216,0.139928233,8,145,1.646866543,4.992184563,,1.693657125,1.856429375,1.692727355,1.85178779,,1.834219,0.022210375,9,0.002467819
228.219,59,55,225,0.140266564,8,145,1.646866543,4.992184563,,1.690050875,1.87847825,1.688310676,1.869790855,,1.856429375,0.022048875,9,0.002449875
228.83,59,55,234,0.140604896,8,145,1.646866543,4.992184563,,1.684891625,1.899809125,1.684037822,1.895546783,,1.87847825,0.021330875,9,0.002370097
229.493,59,55,243,0.140943227,8,145,1.646866543,4.992184563,,1.680977875,1.92089825,1.679813394,1.915084946,,1.899809125,0.021089125,9,0.002343236
230.153,59,55,252,0.141281558,8,145,1.646866543,4.992184563,,1.67728725,1.942263,1.675533755,1.933509227,,1.92089825,0.02136475,9,0.002373861
231.278,59,55,0,0.131808279,4,145,1.646866543,3.409311252,,1.79903575,1.451848625,1.798712934,1.450748046,,,,,
231.937,59,55,9,0.13214661,4,145,1.646866543,3.409311252,,1.7938115,1.467354375,1.794164875,1.46855914,,1.451848625,0.01550575,9,0.001722861
232.601,59,55,18,0.132484942,4,145,1.646866543,3.409311252,,1.790074625,1.4825695,1.78970206,1.48129931,,1.467354375,0.015215125,9,0.001690569
233.221,59,55,27,0.132823273,4,145,1.646866543,3.409311252,,1.784913875,1.497630125,1.785284562,1.498893913,,1.4825695,0.015060625,9,0.001673403
233.882,59,55,36,0.133161605,4,145,1.646866543,3.409311252,,1.780737875,1.512906125,1.780803892,1.513131197,,1.497630125,0.015276,9,0.001697333
234.544,59,55,45,0.133499936,4,145,1.646866543,3.409311252,,1.776525,1.527983,1.776381628,1.527494199,,1.512906125,0.015076875,9,0.001675208
235.153,59,55,54,0.133838267,4,145,1.646866543,3.409311252,,1.7713175,1.54253,1.772114784,1.545248188,,1.527983,0.014547,9,0.001616333
235.816,59,55,63,0.134176599,4,145,1.646866543,3.409311252,,1.7677795,1.558071375,1.767556275,1.557310331,,1.54253,0.015541375,9,0.001726819
236.484,59,55,72,0.13451493,4,145,1.646866543,3.409311252,,1.762501375,1.57365225,1.76298618,1.575305102,,1.558071375,0.015580875,9,0.001731208
237.097,59,55,81,0.134853262,4,145,1.646866543,3.409311252,,1.75817375,1.588484625,1.758635631,1.590059323,,1.57365225,0.014832375,9,0.001648042
237.723,59,55,90,0.135191593,4,145,1.646866543,3.409311252,,1.75480025,1.603511375,1.75422807,1.601560634,,1.588484625,0.01502675,9,0.001669639
238.332,59,55,99,0.135529924,4,145,1.646866543,3.409311252,,1.74912025,1.6186975,1.749773761,1.620925522,,1.603511375,0.015186125,9,0.001687347
238.994,59,55,108,0.135868256,4,145,1.646866543,3.409311252,,1.745236125,1.633395,1.745462773,1.634167713,,1.6186975,0.0146975,9,0.001633056
239.655,59,55,117,0.136206587,4,145,1.646866543,3.409311252,,1.74180725,1.6496725,1.740688348,1.645857815,,1.633395,0.0162775,9,0.001808611
240.317,59,55,126,0.136544919,4,145,1.646866543,3.409311252,,1.736027,1.665266375,1.73611444,1.665564486,,1.6496725,0.015593875,9,0.001732653
240.991,59,55,135,0.13688325,4,145,1.646866543,3.409311252,,1.7323095,1.68013275,1.731753919,1.678238601,,1.665266375,0.014866375,9,0.001651819
241.604,59,55,144,0.137221581,4,145,1.646866543,3.409311252,,1.7287945,1.694922375,1.727415909,1.69022233,,1.68013275,0.014789625,9,0.001643292
242.218,59,55,153,0.137559913,4,145,1.646866543,3.409311252,,1.7228555,1.709669125,1.723090476,1.71047023,,1.694922375,0.01474675,9,0.001638528
242.828,59,55,162,0.137898244,4,145,1.646866543,3.409311252,,1.71934825,1.72440525,1.718768158,1.722427537,,1.709669125,0.014736125,9,0.001637347
243.487,59,55,171,0.138236576,4,145,1.646866543,3.409311252,,1.7156325,1.739220125,1.714422742,1.735095685,,1.72440525,0.014814875,9,0.001646097
244.098,59,55,180,0.138574907,4,145,1.646866543,3.409311252,,1.71015825,1.753949125,1.710102515,1.753759107,,1.739220125,0.014729,9,0.001636556
244.708,59,55,189,0.138913238,4,145,1.646866543,3.409311252,,1.706469375,1.7685605,1.705816789,1.76633563,,1.753949125,0.014611375,9,0.001623486
245.372,59,55,198,0.13925157,4,145,1.646866543,3.409311252,,1.7029365,1.783270125,1.701502244,1.7783803,,1.7685605,0.014709625,9,0.001634403
245.984,59,55,207,0.139589901,4,145,1.646866543,3.409311252,,1.697507875,1.7978345,1.697230304,1.796888173,,1.783270125,0.014564375,9,0.001618264
246.645,59,55,216,0.139928233,4,145,1.646866543,3.409311252,,1.6936475,1.812598375,1.692899847,1.810049393,,1.7978345,0.014763875,9,0.001640431
247.31,59,55,225,0.140266564,4,145,1.646866543,3.409311252,,1.690052125,1.827268875,1.688596778,1.822307145,,1.812598375,0.0146705,9,0.001630056
247.921,59,55,234,0.140604896,4,145,1.646866543,3.409311252,,1.684871125,1.841793,1.684336644,1.839970787,,1.827268875,0.014524125,9,0.001613792
248.531,59,55,243,0.140943227,4,145,1.646866543,3.409311252,,1.680937875,1.85720875,1.679814983,1.85338046,,1.841793,0.01541575,9,0.001712861
249.191,59,55,252,0.141281558,4,145,1.646866543,3.409311252,,1.677255875,1.872108875,1.675444562,1.865933544,,1.85720875,0.014900125,9,0.001655569
250.36,59,55,0,0.131808279,2,145,1.646866543,2.617874597,,1.799116625,1.514670375,1.798498128,1.513051226,,,,,
250.97,59,55,9,0.13214661,2,145,1.646866543,2.617874597,,1.793867625,1.526079375,1.794140012,1.52679245,,1.514670375,0.011409,9,0.001267667
251.593,59,55,18,0.132484942,2,145,1.646866543,2.617874597,,1.790079625,1.538266125,1.789484804,1.536708959,,1.526079375,0.01218675,9,0.001354083
252.203,59,55,27,0.132823273,2,145,1.646866543,2.617874597,,1.78474,1.549493,1.785196259,1.550687428,,1.538266125,0.011226875,9,0.001247431
252.866,59,55,36,0.133161605,2,145,1.646866543,2.617874597,,1.780741875,1.56132175,1.780677803,1.561154018,,1.549493,0.01182875,9,0.001314306
253.478,59,55,45,0.133499936,2,145,1.646866543,2.617874597,,1.776379375,1.573127625,1.776168085,1.572574495,,1.56132175,0.011805875,9,0.001311764
254.14,59,55,54,0.133838267,2,145,1.646866543,2.617874597,,1.771286375,1.58410925,1.771973223,1.585907331,,1.573127625,0.010981625,9,0.001220181
254.815,59,55,63,0.134176599,2,145,1.646866543,2.617874597,,1.767729375,1.59602725,1.767420674,1.595219111,,1.58410925,0.011918,9,0.001324222
255.427,59,55,72,0.13451493,2,145,1.646866543,2.617874597,,1.7624685,1.607430125,1.763064899,1.608991422,,1.59602725,0.011402875,9,0.001266986
256.088,59,55,81,0.134853262,2,145,1.646866543,2.617874597,,1.7582065,1.619338625,1.758515979,1.620148803,,1.607430125,0.0119085,9,0.001323167
256.751,59,55,90,0.135191593,2,145,1.646866543,2.617874597,,1.754807,1.630707375,1.754173239,1.629048268,,1.619338625,0.01136875,9,0.001263194
257.36,59,55,99,0.135529924,2,145,1.646866543,2.617874597,,1.749167875,1.642097,1.749822524,1.64381079,,1.630707375,0.011389625,9,0.001265514
257.974,59,55,108,0.135868256,2,145,1.646866543,2.617874597,,1.74523775,1.655143875,1.744838758,1.654099364,,1.642097,0.013046875,9,0.001449653
258.634,59,55,117,0.136206587,2,145,1.646866543,2.617874597,,1.741782375,1.66709975,1.740271742,1.663145103,,1.655143875,0.011955875,9,0.001328431
259.246,59,55,126,0.136544919,2,145,1.646866543,2.617874597,,1.73591625,1.678189375,1.736035625,1.678501883,,1.66709975,0.011089625,9,0.001232181
259.856,59,55,135,0.13688325,2,145,1.646866543,2.617874597,,1.732279375,1.68973725,1.73162446,1.688022765,,1.678189375,0.011547875,9,0.001283097
260.469,59,55,144,0.137221581,2,145,1.646866543,2.617874597,,1.728716125,1.700985375,1.727327797,1.697350907,,1.68973725,0.011248125,9,0.001249792
261.131,59,55,153,0.137559913,2,145,1.646866543,2.617874597,,1.72296525,1.712410125,1.722963665,1.712405976,,1.700985375,0.01142475,9,0.001269417
261.796,59,55,162,0.137898244,2,145,1.646866543,2.617874597,,1.719395,1.723517375,1.718720815,1.721752443,,1.712410125,0.01110725,9,0.001234139
262.408,59,55,171,0.138236576,2,145,1.646866543,2.617874597,,1.71562225,1.73506375,1.714310224,1.73162903,,1.723517375,0.011546375,9,0.001282931
263.067,59,55,180,0.138574907,2,145,1.646866543,2.617874597,,1.7101315,1.746068,1.710106718,1.746003125,,1.73506375,0.01100425,9,0.001222694
263.679,59,55,189,0.138913238,2,145,1.646866543,2.617874597,,1.706523375,1.757532375,1.70572745,1.755448743,,1.746068,0.011464375,9,0.001273819
264.288,59,55,198,0.13925157,2,145,1.646866543,2.617874597,,1.702896875,1.76859,1.701503556,1.764942466,,1.757532375,0.011057625,9,0.001228625
264.897,59,55,207,0.139589901,2,145,1.646866543,2.617874597,,1.697503625,1.78006825,1.697118988,1.779061318,,1.76859,0.01147825,9,0.001275361
265.565,59,55,216,0.139928233,2,145,1.646866543,2.617874597,,1.693661875,1.791177375,1.692875421,1.789118537,,1.78006825,0.011109125,9,0.001234347
266.177,59,55,225,0.140266564,2,145,1.646866543,2.617874597,,1.689976625,1.802368125,1.688600675,1.79876606,,1.791177375,0.01119075,9,0.001243417
266.789,59,55,234,0.140604896,2,145,1.646866543,2.617874597,,1.685022875,1.81352475,1.684338964,1.811734356,,1.802368125,0.011156625,9,0.001239625
267.455,59,55,243,0.140943227,2,145,1.646866543,2.617874597,,1.681028,1.82462975,1.680096973,1.822192438,,1.81352475,0.011105,9,0.001233889
268.115,59,55,252,0.141281558,2,145,1.646866543,2.617874597,,1.677229,1.835867625,1.675804225,1.832137743,,1.82462975,0.011237875,9,0.001248653
269.239,59,55,0,0.131808279,1,145,1.646866543,2.222156269,,1.7988855,1.5461065,1.798321983,1.544854276,,,,,
269.85,59,55,9,0.13214661,1,145,1.646866543,2.222156269,,1.793769625,1.55569775,1.794005792,1.55622255,,1.5461065,0.00959125,9,0.001065694
270.51,59,55,18,0.132484942,1,145,1.646866543,2.222156269,,1.79006,1.565823125,1.789449238,1.564465916,,1.55569775,0.010125375,9,0.001125042
271.171,59,55,27,0.132823273,1,145,1.646866543,2.222156269,,1.784717375,1.575877,1.78492486,1.576338064,,1.565823125,0.010053875,9,0.001117097
271.837,59,55,36,0.133161605,1,145,1.646866543,2.222156269,,1.78070625,1.585768,1.780473778,1.585251411,,1.575877,0.009891,9,0.001099
272.501,59,55,45,0.133499936,1,145,1.646866543,2.222156269,,1.776343,1.595188875,1.776234258,1.594947234,,1.585768,0.009420875,9,0.001046764
273.113,59,55,54,0.133838267,1,145,1.646866543,2.222156269,,1.7712735,1.605335,1.771668367,1.606212455,,1.595188875,0.010146125,9,0.001127347
273.725,59,55,63,0.134176599,1,145,1.646866543,2.222156269,,1.767777125,1.615481875,1.767102137,1.613981947,,1.605335,0.010146875,9,0.001127431
274.34,59,55,72,0.13451493,1,145,1.646866543,2.222156269,,1.762426625,1.625511625,1.762588616,1.625871594,,1.615481875,0.01002975,9,0.001114417
275.004,59,55,81,0.134853262,1,145,1.646866543,2.222156269,,1.758161,1.63481875,1.758400285,1.635350479,,1.625511625,0.009307125,9,0.001034125
275.614,59,55,90,0.135191593,1,145,1.646866543,2.222156269,,1.754756,1.64455075,1.754020755,1.642916921,,1.63481875,0.009732,9,0.001081333
276.275,59,55,99,0.135529924,1,145,1.646866543,2.222156269,,1.748911,1.655439625,1.749120616,1.655905425,,1.64455075,0.010888875,9,0.001209875
276.937,59,55,108,0.135868256,1,145,1.646866543,2.222156269,,1.7452245,1.665320125,1.744674259,1.664097404,,1.655439625,0.0098805,9,0.001097833
277.546,59,55,117,0.136206587,1,145,1.646866543,2.222156269,,1.7417575,1.6751655,1.740243709,1.67180162,,1.665320125,0.009845375,9,0.001093931
278.209,59,55,126,0.136544919,1,145,1.646866543,2.222156269,,1.735894125,1.68436975,1.736101673,1.684830955,,1.6751655,0.00920425,9,0.001022694
278.87,59,55,135,0.13688325,1,145,1.646866543,2.222156269,,1.7323125,1.694103125,1.731721525,1.692789886,,1.68436975,0.009733375,9,0.001081486
279.48,59,55,144,0.137221581,1,145,1.646866543,2.222156269,,1.72867675,1.70398775,1.727273311,1.70086909,,1.694103125,0.009884625,9,0.001098292
280.142,59,55,153,0.137559913,1,145,1.646866543,2.222156269,,1.7228795,1.71351675,1.722985134,1.713751486,,1.70398775,0.009529,9,0.001058778
280.804,59,55,162,0.137898244,1,145,1.646866543,2.222156269,,1.7193575,1.722937125,1.71874584,1.72157792,,1.71351675,0.009420375,9,0.001046708
281.426,59,55,171,0.138236576,1,145,1.646866543,2.222156269,,1.715643625,1.732596875,1.714398823,1.729830731,,1.722937125,0.00965975,9,0.001073306
282.036,59,55,180,0.138574907,1,145,1.646866543,2.222156269,,1.7100355,1.74221875,1.710068851,1.742292861,,1.732596875,0.009621875,9,0.001069097
282.649,59,55,189,0.138913238,1,145,1.646866543,2.222156269,,1.70643225,1.751712,1.705796762,1.750299845,,1.74221875,0.00949325,9,0.001054806
283.313,59,55,198,0.13925157,1,145,1.646866543,2.222156269,,1.702838125,1.76107575,1.701582949,1.758286553,,1.751712,0.00936375,9,0.001040417
283.925,59,55,207,0.139589901,1,145,1.646866543,2.222156269,,1.697352,1.77070725,1.697248645,1.77047758,,1.76107575,0.0096315,9,0.001070167
284.586,59,55,216,0.139928233,1,145,1.646866543,2.222156269,,1.693646125,1.78042325,1.692876316,1.778712613,,1.77070725,0.009716,9,0.001079556
285.249,59,55,225,0.140266564,1,145,1.646866543,2.222156269,,1.689900125,1.7896635,1.68871808,1.787036811,,1.78042325,0.00924025,9,0.001026694
285.861,59,55,234,0.140604896,1,145,1.646866543,2.222156269,,1.6848195,1.799099625,1.684471697,1.798326753,,1.7896635,0.009436125,9,0.001048458
286.472,59,55,243,0.140943227,1,145,1.646866543,2.222156269,,1.6809735,1.80864575,1.680175814,1.806873166,,1.799099625,0.009546125,9,0.001060681
287.134,59,55,252,0.141281558,1,145,1.646866543,2.222156269,,1.677133875,1.818040875,1.675947882,1.815405413,,1.80864575,0.009395125,9,0.001043903
6.232,87,83,103,0.20278269,255,144,1.646474861,102.7346115,,1.732139125,0.5545595,1.730911897,0.428480706,,,,103,
6.842,87,83,104,0.202820283,255,144,1.646474861,102.7346115,,1.72966675,0.750333875,1.729006265,0.682479191,,0.5545595,0.195774375,1,0.195774375
7.504,87,83,105,0.202857875,255,144,1.646474861,102.7346115,,1.728734875,0.912673,1.727426085,0.778215008,,0.750333875,0.162339125,1,0.162339125
8.115,87,83,106,0.202895468,255,144,1.646474861,102.7346115,,1.726550625,1.08204325,1.725777466,1.002613083,,0.912673,0.16937025,1,0.16937025
8.78,87,83,107,0.20293306,255,144,1.646474861,102.7346115,,1.72525075,1.24093725,1.724230821,1.136155236,,1.08204325,0.158894,1,0.158894
9.441,87,83,108,0.202970652,255,144,1.646474861,102.7346115,,1.72298675,1.42345825,1.722454195,1.368746396,,1.24093725,0.182521,1,0.182521
10.102,87,83,109,0.203008245,255,144,1.646474861,102.7346115,,1.72218075,1.588504,1.72084767,1.451550493,,1.42345825,0.16504575,1,0.16504575
10.772,87,83,110,0.203045837,255,144,1.646474861,102.7346115,,1.7198635,1.7607935,1.719170635,1.689612272,,1.588504,0.1722895,1,0.1722895
11.432,87,83,111,0.203083429,255,144,1.646474861,102.7346115,,1.71897875,1.93305925,1.717493831,1.780506719,,1.7607935,0.17226575,1,0.17226575
12.044,87,83,112,0.203121022,255,144,1.646474861,102.7346115,,1.716621,2.12256325,1.715649234,2.022729249,,1.93305925,0.189504,1,0.189504
12.705,87,83,113,0.203158614,255,144,1.646474861,102.7346115,,1.71565675,2.2948275,1.713972445,2.121791099,,2.12256325,0.17226425,1,0.17226425
13.367,87,83,114,0.203196207,255,144,1.646474861,102.7346115,,1.71353125,2.45865675,1.712377761,2.340153515,,2.2948275,0.16382925,1,0.16382925
13.981,87,83,115,0.203233799,255,144,1.646474861,102.7346115,,1.71203425,2.626273625,1.710746209,2.493947229,,2.45865675,0.167616875,1,0.167616875
20.421,87,83,101,0.202707506,192,144,1.646474861,77.80435686,,1.735001875,0.597688,1.733991172,0.519050936,,,,101,
21.082,87,83,102,0.202745098,192,144,1.646474861,77.80435686,,1.732921875,0.718341625,1.732440441,0.680883998,,0.597688,0.120653625,1,0.120653625
21.746,87,83,103,0.20278269,192,144,1.646474861,77.80435686,,1.731946375,0.848727375,1.730764626,0.756782148,,0.718341625,0.13038575,1,0.13038575
22.356,87,83,104,0.202820283,192,144,1.646474861,77.80435686,,1.729614375,0.991387625,1.728931049,0.938221908,,0.848727375,0.14266025,1,0.14266025
22.965,87,83,105,0.202857875,192,144,1.646474861,77.80435686,,1.728809375,1.1170325,1.727316167,1.000854415,,0.991387625,0.125644875,1,0.125644875
23.63,87,83,106,0.202895468,192,144,1.646474861,77.80435686,,1.726363,1.25027375,1.72560365,1.191193049,,1.1170325,0.13324125,1,0.13324125
24.242,87,83,107,0.20293306,192,144,1.646474861,77.80435686,,1.72512425,1.369020875,1.724077423,1.287573196,,1.25027375,0.118747125,1,0.118747125
24.852,87,83,108,0.202970652,192,144,1.646474861,77.80435686,,1.7229055,1.499508875,1.722400294,1.460201613,,1.369020875,0.130488,1,0.130488
25.518,87,83,109,0.203008245,192,144,1.646474861,77.80435686,,1.722061875,1.629538375,1.720729057,1.525839313,,1.499508875,0.1300295,1,0.1300295
26.188,87,83,110,0.203045837,192,144,1.646474861,77.80435686,,1.719774625,1.756808875,1.719093281,1.703797329,,1.629538375,0.1272705,1,0.1272705
26.848,87,83,111,0.203083429,192,144,1.646474861,77.80435686,,1.718873,1.88391725,1.717459589,1.773947682,,1.756808875,0.127108375,1,0.127108375
27.512,87,83,112,0.203121022,192,144,1.646474861,77.80435686,,1.71672825,2.021958875,1.715685374,1.940818576,,1.88391725,0.138041625,1,0.138041625
28.12,87,83,113,0.203158614,192,144,1.646474861,77.80435686,,1.715814375,2.153576875,1.713993721,2.011922033,,2.021958875,0.131618,1,0.131618
28.781,87,83,114,0.203196207,192,144,1.646474861,77.80435686,,1.71329525,2.286749875,1.712282081,2.207920933,,2.153576875,0.133173,1,0.133173
29.445,87,83,115,0.203233799,192,144,1.646474861,77.80435686,,1.71180475,2.4166385,1.710612655,2.323888327,,2.286749875,0.129888625,1,0.129888625
30.107,87,83,116,0.203271391,192,144,1.646474861,77.80435686,,1.71002225,2.5389585,1.709040507,2.462574593,,2.4166385,0.12232,1,0.12232
30.768,87,83,117,0.203308984,192,144,1.646474861,77.80435686,,1.70911325,2.65985475,1.707486657,2.533298754,,2.5389585,0.12089625,1,0.12089625
37.124,87,83,97,0.202557136,128,144,1.646474861,52.47838389,,1.741745125,0.61179425,1.740681096,0.555955744,,,,97,
37.788,87,83,98,0.202594729,128,144,1.646474861,52.47838389,,1.73948375,0.694665375,1.739101949,0.67462905,,0.61179425,0.082871125,1,0.082871125
38.448,87,83,99,0.202632321,128,144,1.646474861,52.47838389,,1.7381075,0.78355975,1.737408025,0.746852425,,0.694665375,0.088894375,1,0.088894375
39.056,87,83,100,0.202669913,128,144,1.646474861,52.47838389,,1.735868375,0.874793625,1.735669521,0.864358087,,0.78355975,0.091233875,1,0.091233875
39.667,87,83,101,0.202707506,128,144,1.646474861,52.47838389,,1.735118625,0.95620875,1.734118118,0.903703755,,0.874793625,0.081415125,1,0.081415125
40.328,87,83,102,0.202745098,128,144,1.646474861,52.47838389,,1.732942125,1.039558125,1.732529857,1.017922958,,0.95620875,0.083349375,1,0.083349375
40.938,87,83,103,0.20278269,128,144,1.646474861,52.47838389,,1.731932625,1.1325885,1.73075712,1.070899886,,1.039558125,0.093030375,1,0.093030375
41.548,87,83,104,0.202820283,128,144,1.646474861,52.47838389,,1.7295975,1.224734875,1.729001228,1.193443472,,1.1325885,0.092146375,1,0.092146375
42.209,87,83,105,0.202857875,128,144,1.646474861,52.47838389,,1.728738125,1.3106265,1.727364523,1.238542083,,1.224734875,0.085891625,1,0.085891625
42.872,87,83,106,0.202895468,128,144,1.646474861,52.47838389,,1.726428125,1.398531875,1.725689445,1.35976715,,1.3106265,0.087905375,1,0.087905375
43.535,87,83,107,0.20293306,128,144,1.646474861,52.47838389,,1.72515725,1.481431625,1.724109752,1.426460616,,1.398531875,0.08289975,1,0.08289975
44.204,87,83,108,0.202970652,128,144,1.646474861,52.47838389,,1.72295675,1.567165125,1.72247606,1.5419393,,1.481431625,0.0857335,1,0.0857335
44.867,87,83,109,0.203008245,128,144,1.646474861,52.47838389,,1.72207075,1.65588625,1.720785438,1.588435148,,1.567165125,0.088721125,1,0.088721125
45.528,87,83,110,0.203045837,128,144,1.646474861,52.47838389,,1.7199135,1.735300375,1.719272165,1.701644142,,1.65588625,0.079414125,1,0.079414125
46.202,87,83,111,0.203083429,128,144,1.646474861,52.47838389,,1.71908575,1.82510625,1.717560872,1.745083124,,1.735300375,0.089805875,1,0.089805875
46.813,87,83,112,0.203121022,128,144,1.646474861,52.47838389,,1.71656275,1.928928,1.7155825,1.877486087,,1.82510625,0.10382175,1,0.10382175
47.423,87,83,113,0.203158614,128,144,1.646474861,52.47838389,,1.715607375,2.01353625,1.713970251,1.927622623,,1.928928,0.08460825,1,0.08460825
48.083,87,83,114,0.203196207,128,144,1.646474861,52.47838389,,1.713343125,2.102531375,1.712274407,2.046446803,,2.01353625,0.088995125,1,0.088995125
48.743,87,83,115,0.203233799,128,144,1.646474861,52.47838389,,1.711956,2.1863065,1.710678033,2.119240882,,2.102531375,0.083775125,1,0.083775125
49.406,87,83,116,0.203271391,128,144,1.646474861,52.47838389,,1.7099865,2.269477375,1.709093174,2.222597059,,2.1863065,0.083170875,1,0.083170875
50.067,87,83,117,0.203308984,128,144,1.646474861,52.47838389,,1.70904825,2.35902825,1.70738674,2.271834902,,2.269477375,0.089550875,1,0.089550875
50.686,87,83,118,0.203346576,128,144,1.646474861,52.47838389,,1.7069565,2.44029875,1.705838093,2.381606562,,2.35902825,0.0812705,1,0.0812705
51.346,87,83,119,0.203384168,128,144,1.646474861,52.47838389,,1.70587225,2.528327125,1.704160671,2.43850625,,2.44029875,0.088028375,1,0.088028375
52.008,87,83,120,0.203421761,128,144,1.646474861,52.47838389,,1.703668125,2.623354,1.70234989,2.554175167,,2.528327125,0.095026875,1,0.095026875
52.617,87,83,121,0.203459353,128,144,1.646474861,52.47838389,,1.7028185,2.705552625,1.700783557,2.598762114,,2.623354,0.082198625,1,0.082198625
58.384,87,83,93,0.202406767,96,144,1.646474861,39.8153974,,1.74831375,0.596946,1.747767651,0.575202848,,,,93,
58.995,87,83,94,0.202444359,96,144,1.646474861,39.8153974,,1.74640675,0.65884375,1.746213033,0.651130811,,0.596946,0.06189775,1,0.06189775
59.654,87,83,95,0.202481951,96,144,1.646474861,39.8153974,,1.745118875,0.727343375,1.744492602,0.702408066,,0.65884375,0.068499625,1,0.068499625
60.263,87,83,96,0.202519544,96,144,1.646474861,39.8153974,,1.742836375,0.801246625,1.742636454,0.793286711,,0.727343375,0.07390325,1,0.07390325
60.875,87,83,97,0.202557136,96,144,1.646474861,39.8153974,,1.741932375,0.865985125,1.741010488,0.82927983,,0.801246625,0.0647385,1,0.0647385
61.542,87,83,98,0.202594729,96,144,1.646474861,39.8153974,,1.739809625,0.933742125,1.739308709,0.913797965,,0.865985125,0.067757,1,0.067757
62.204,87,83,99,0.202632321,96,144,1.646474861,39.8153974,,1.73829925,1.001263,1.737612861,0.973934146,,0.933742125,0.067520875,1,0.067520875
62.813,87,83,100,0.202669913,96,144,1.646474861,39.8153974,,1.735990875,1.069298125,1.735904097,1.065843014,,1.001263,0.068035125,1,0.068035125
63.472,87,83,101,0.202707506,96,144,1.646474861,39.8153974,,1.735255875,1.133987625,1.734279361,1.095107331,,1.069298125,0.0646895,1,0.0646895
64.087,87,83,102,0.202745098,96,144,1.646474861,39.8153974,,1.733168625,1.192669625,1.732805509,1.178212019,,1.133987625,0.058682,1,0.058682
64.698,87,83,103,0.20278269,96,144,1.646474861,39.8153974,,1.7320885,1.264814625,1.730993522,1.221217625,,1.192669625,0.072145,1,0.072145
65.364,87,83,104,0.202820283,96,144,1.646474861,39.8153974,,1.729934875,1.332780375,1.7292865,1.30696506,,1.264814625,0.06796575,1,0.06796575
66.028,87,83,105,0.202857875,96,144,1.646474861,39.8153974,,1.72892725,1.402700875,1.727530383,1.34708405,,1.332780375,0.0699205,1,0.0699205
66.646,87,83,106,0.202895468,96,144,1.646474861,39.8153974,,1.72693375,1.465713875,1.725947754,1.426456045,,1.402700875,0.063013,1,0.063013
67.309,87,83,107,0.20293306,96,144,1.646474861,39.8153974,,1.7255045,1.529011625,1.724357973,1.483362202,,1.465713875,0.06329775,1,0.06329775
67.972,87,83,108,0.202970652,96,144,1.646474861,39.8153974,,1.723209,1.5938315,1.722729963,1.574758446,,1.529011625,0.064819875,1,0.064819875
68.632,87,83,109,0.203008245,96,144,1.646474861,39.8153974,,1.722405125,1.657059,1.721141947,1.606765049,,1.5938315,0.0632275,1,0.0632275
69.296,87,83,110,0.203045837,96,144,1.646474861,39.8153974,,1.720414,1.721846375,1.719514753,1.686042482,,1.657059,0.064787375,1,0.064787375
69.959,87,83,111,0.203083429,96,144,1.646474861,39.8153974,,1.719199625,1.790434125,1.717792109,1.734393305,,1.721846375,0.06858775,1,0.06858775
70.571,87,83,112,0.203121022,96,144,1.646474861,39.8153974,,1.716693375,1.870923875,1.715770535,1.834180645,,1.790434125,0.08048975,1,0.08048975
71.182,87,83,113,0.203158614,96,144,1.646474861,39.8153974,,1.71592,1.93297725,1.714212008,1.864972878,,1.870923875,0.062053375,1,0.062053375
71.842,87,83,114,0.203196207,96,144,1.646474861,39.8153974,,1.713724875,1.9986765,1.712561912,1.952372652,,1.93297725,0.06569925,1,0.06569925
72.453,87,83,115,0.203233799,96,144,1.646474861,39.8153974,,1.712340625,2.062354625,1.710962577,2.007487116,,1.9986765,0.063678125,1,0.063678125
73.065,87,83,116,0.203271391,96,144,1.646474861,39.8153974,,1.710251,2.1267,1.709346485,2.090686366,,2.062354625,0.064345375,1,0.064345375
73.725,87,83,117,0.203308984,96,144,1.646474861,39.8153974,,1.709337,2.19239725,1.707696438,2.127077639,,2.1267,0.06569725,1,0.06569725
74.338,87,83,118,0.203346576,96,144,1.646474861,39.8153974,,1.70719,2.256103875,1.706096388,2.212561297,,2.19239725,0.063706625,1,0.063706625
74.948,87,83,119,0.203384168,96,144,1.646474861,39.8153974,,1.70626175,2.319717375,1.704498677,2.24951994,,2.256103875,0.0636135,1,0.0636135
75.61,87,83,120,0.203421761,96,144,1.646474861,39.8153974,,1.704124125,2.390627125,1.702717714,2.334630329,,2.319717375,0.07090975,1,0.07090975
76.271,87,83,121,0.203459353,96,144,1.646474861,39.8153974,,1.703096625,2.45625475,1.701069417,2.37554065,,2.390627125,0.065627625,1,0.065627625
76.931,87,83,122,0.203496946,96,144,1.646474861,39.8153974,,1.70081475,2.525164375,1.699338689,2.46639441,,2.45625475,0.068909625,1,0.068909625
77.595,87,83,123,0.203534538,96,144,1.646474861,39.8153974,,1.69942025,2.58773975,1.697767051,2.521916981,,2.525164375,0.062575375,1,0.062575375
78.206,87,83,124,0.20357213,96,144,1.646474861,39.8153974,,1.69728425,2.653393625,1.696118094,2.60696267,,2.58773975,0.065653875,1,0.065653875
78.817,87,83,125,0.203609723,96,144,1.646474861,39.8153974,,1.696443625,2.7159715,1.694546394,2.640432489,,2.653393625,0.062577875,1,0.062577875
84.341,87,83,85,0.202106028,64,144,1.646474861,27.15241091,,1.76144625,0.58197225,1.761468697,0.582581741,,,,85,
84.953,87,83,86,0.20214362,64,144,1.646474861,27.15241091,,1.76021525,0.6258475,1.759852809,0.616006359,,0.58197225,0.04387525,1,0.04387525
85.567,87,83,87,0.202181212,64,144,1.646474861,27.15241091,,1.75828675,0.670558,1.75820616,0.668369783,,0.6258475,0.0447105,1,0.0447105
86.227,87,83,88,0.202218805,64,144,1.646474861,27.15241091,,1.75672,0.722122375,1.756307088,0.710910823,,0.670558,0.051564375,1,0.051564375
86.844,87,83,89,0.202256397,64,144,1.646474861,27.15241091,,1.7550025,0.766081,1.75468813,0.757545089,,0.722122375,0.043958625,1,0.043958625
87.456,87,83,90,0.202293989,64,144,1.646474861,27.15241091,,1.75378125,0.81157125,1.753012763,0.79070497,,0.766081,0.04549025,1,0.04549025
88.118,87,83,91,0.202331582,64,144,1.646474861,27.15241091,,1.751725125,0.857246125,1.751330596,0.846533721,,0.81157125,0.045674875,1,0.045674875
88.782,87,83,92,0.202369174,64,144,1.646474861,27.15241091,,1.74964825,0.902718375,1.749655892,0.902925885,,0.857246125,0.04547225,1,0.04547225
89.393,87,83,93,0.202406767,64,144,1.646474861,27.15241091,,1.748465375,0.9457185,1.748072235,0.935043793,,0.902718375,0.043000125,1,0.043000125
90.002,87,83,94,0.202444359,64,144,1.646474861,27.15241091,,1.746766375,0.988991,1.746478546,0.981175739,,0.9457185,0.0432725,1,0.0432725
90.665,87,83,95,0.202481951,64,144,1.646474861,27.15241091,,1.745228125,1.037430875,1.744694547,1.022942935,,0.988991,0.048439875,1,0.048439875
91.275,87,83,96,0.202519544,64,144,1.646474861,27.15241091,,1.7433755,1.0873485,1.742856123,1.07324617,,1.037430875,0.049917625,1,0.049917625
91.938,87,83,97,0.202557136,64,144,1.646474861,27.15241091,,1.74202925,1.13055225,1.741264966,1.109800103,,1.0873485,0.04320375,1,0.04320375
92.601,87,83,98,0.202594729,64,144,1.646474861,27.15241091,,1.740345,1.17671725,1.739564749,1.155531552,,1.13055225,0.046165,1,0.046165
93.213,87,83,99,0.202632321,64,144,1.646474861,27.15241091,,1.738624875,1.221793125,1.737904643,1.202237092,,1.17671725,0.045075875,1,0.045075875
93.871,87,83,100,0.202669913,64,144,1.646474861,27.15241091,,1.736153,1.27068575,1.73610397,1.269354458,,1.221793125,0.048892625,1,0.048892625
94.533,87,83,101,0.202707506,64,144,1.646474861,27.15241091,,1.735392,1.314899875,1.734475601,1.290017443,,1.27068575,0.044214125,1,0.044214125
95.193,87,83,102,0.202745098,64,144,1.646474861,27.15241091,,1.73333025,1.355887875,1.732966048,1.345998926,,1.314899875,0.040988,1,0.040988
95.861,87,83,103,0.20278269,64,144,1.646474861,27.15241091,,1.732233625,1.402024875,1.731266862,1.375774939,,1.355887875,0.046137,1,0.046137
96.471,87,83,104,0.202820283,64,144,1.646474861,27.15241091,,1.729973,1.454543,1.729332665,1.437156358,,1.402024875,0.052518125,1,0.052518125
97.13,87,83,105,0.202857875,64,144,1.646474861,27.15241091,,1.729024,1.498291375,1.72772145,1.462923996,,1.454543,0.043748375,1,0.043748375
97.793,87,83,106,0.202895468,64,144,1.646474861,27.15241091,,1.727003125,1.54322325,1.726066647,1.517795624,,1.498291375,0.044931875,1,0.044931875
98.403,87,83,107,0.20293306,64,144,1.646474861,27.15241091,,1.725445625,1.588496125,1.724399286,1.560085504,,1.54322325,0.045272875,1,0.045272875
99.064,87,83,108,0.202970652,64,144,1.646474861,27.15241091,,1.72318475,1.6335705,1.722739236,1.621473711,,1.588496125,0.045074375,1,0.045074375
99.723,87,83,109,0.203008245,64,144,1.646474861,27.15241091,,1.72238975,1.68046225,1.721012253,1.643059878,,1.6335705,0.04689175,1,0.04689175
100.334,87,83,110,0.203045837,64,144,1.646474861,27.15241091,,1.72004525,1.723636375,1.719422187,1.706718705,,1.68046225,0.043174125,1,0.043174125
101.002,87,83,111,0.203083429,64,144,1.646474861,27.15241091,,1.719106125,1.76976925,1.717723153,1.732218213,,1.723636375,0.046132875,1,0.046132875
101.663,87,83,112,0.203121022,64,144,1.646474861,27.15241091,,1.7169,1.8177505,1.715956044,1.792119825,,1.76976925,0.04798125,1,0.04798125
102.272,87,83,113,0.203158614,64,144,1.646474861,27.15241091,,1.71588975,1.865676875,1.714190957,1.819550549,,1.8177505,0.047926375,1,0.047926375
102.946,87,83,114,0.203196207,64,144,1.646474861,27.15241091,,1.713798875,1.907797125,1.712639704,1.876322846,,1.865676875,0.04212025,1,0.04212025
103.613,87,83,115,0.203233799,64,144,1.646474861,27.15241091,,1.712261375,1.953795875,1.71094561,1.918069678,,1.907797125,0.04599875,1,0.04599875
104.276,87,83,116,0.203271391,64,144,1.646474861,27.15241091,,1.710204625,1.99623175,1.709382733,1.973915399,,1.953795875,0.042435875,1,0.042435875
104.935,87,83,117,0.203308984,64,144,1.646474861,27.15241091,,1.709462125,2.03881075,1.707814585,1.994076064,,1.99623175,0.042579,1,0.042579
105.598,87,83,118,0.203346576,64,144,1.646474861,27.15241091,,1.707183875,2.083658375,1.706162885,2.055936044,,2.03881075,0.044847625,1,0.044847625
106.209,87,83,119,0.203384168,64,144,1.646474861,27.15241091,,1.706250375,2.129536625,1.704473229,2.08128282,,2.083658375,0.04587825,1,0.04587825
106.878,87,83,120,0.203421761,64,144,1.646474861,27.15241091,,1.70391175,2.177480125,1.702707511,2.144782126,,2.129536625,0.0479435,1,0.0479435
107.54,87,83,121,0.203459353,64,144,1.646474861,27.15241091,,1.703019875,2.221091625,1.701101337,2.168998683,,2.177480125,0.0436115,1,0.0436115
108.159,87,83,122,0.203496946,64,144,1.646474861,27.15241091,,1.700957,2.264457375,1.699504213,2.225010713,,2.221091625,0.04336575,1,0.04336575
108.769,87,83,123,0.203534538,64,144,1.646474861,27.15241091,,1.699563375,2.308340625,1.697888031,2.262850991,,2.264457375,0.04388325,1,0.04388325
109.431,87,83,124,0.20357213,64,144,1.646474861,27.15241091,,1.697470625,2.351159875,1.696311035,2.319674199,,2.308340625,0.04281925,1,0.04281925
110.096,87,83,125,0.203609723,64,144,1.646474861,27.15241091,,1.696454375,2.39758,1.694601421,2.347267837,,2.351159875,0.046420125,1,0.046420125
110.757,87,83,126,0.203647315,64,144,1.646474861,27.15241091,,1.694419625,2.43819575,1.693105578,2.402516205,,2.39758,0.04061575,1,0.04061575
111.418,87,83,127,0.203684908,64,144,1.646474861,27.15241091,,1.69337625,2.482656125,1.69146814,2.430846352,,2.43819575,0.044460375,1,0.044460375
112.029,87,83,128,0.2037225,64,144,1.646474861,27.15241091,,1.6913525,2.530625125,1.689701483,2.485796043,,2.482656125,0.047969,1,0.047969
112.694,87,83,129,0.203760092,64,144,1.646474861,27.15241091,,1.690155,2.577722625,1.687966923,2.518311055,,2.530625125,0.0470975,1,0.0470975
113.355,87,83,130,0.203797685,64,144,1.646474861,27.15241091,,1.688185375,2.619562375,1.686426001,2.571791123,,2.577722625,0.04183975,1,0.04183975
113.965,87,83,131,0.203835277,64,144,1.646474861,27.15241091,,1.686765375,2.66087675,1.684904428,2.610347546,,2.619562375,0.041314375,1,0.041314375
114.628,87,83,132,0.203872869,64,144,1.646474861,27.15241091,,1.68469525,2.70552275,1.683260154,2.666556431,,2.66087675,0.044646,1,0.044646
115.292,87,83,133,0.203910462,64,144,1.646474861,27.15241091,,1.68370325,2.749149,1.681653437,2.693491622,,2.70552275,0.04362625,1,0.04362625
120.716,87,83,77,0.201805289,48,144,1.646474861,20.82091767,,1.774619,0.56189525,1.775173493,0.573440297,,,,77,
121.377,87,83,79,0.201880473,48,144,1.646474861,20.82091767,,1.771243875,0.635864375,1.771620857,0.643713497,,0.56189525,0.073969125,2,0.036984562
122.046,87,83,81,0.201955658,48,144,1.646474861,20.82091767,,1.768106,0.7074325,1.768183539,0.709046934,,0.635864375,0.071568125,2,0.035784062
122.657,87,83,83,0.202030843,48,144,1.646474861,20.82091767,,1.764799125,0.779310375,1.764731344,0.777899106,,0.7074325,0.071877875,2,0.035938938
123.319,87,83,85,0.202106028,48,144,1.646474861,20.82091767,,1.761506625,0.846550375,1.761501899,0.846451977,,0.779310375,0.06724,2,0.03362
123.983,87,83,87,0.202181212,48,144,1.646474861,20.82091767,,1.7582735,0.915598,1.758185637,0.913768607,,0.846550375,0.069047625,2,0.034523812
124.596,87,83,89,0.202256397,48,144,1.646474861,20.82091767,,1.755028125,0.988149,1.754701112,0.981340292,,0.915598,0.072551,2,0.0362755
125.257,87,83,91,0.202331582,48,144,1.646474861,20.82091767,,1.7517345,1.057095,1.751389731,1.049916587,,0.988149,0.068946,2,0.034473
125.927,87,83,93,0.202406767,48,144,1.646474861,20.82091767,,1.748480375,1.126203,1.748070569,1.117670456,,1.057095,0.069108,2,0.034554
126.555,87,83,95,0.202481951,48,144,1.646474861,20.82091767,,1.745255375,1.193750125,1.744826373,1.184817915,,1.126203,0.067547125,2,0.033773562
127.164,87,83,97,0.202557136,48,144,1.646474861,20.82091767,,1.741990125,1.268391,1.741241475,1.252803417,,1.193750125,0.074640875,2,0.037320437
127.838,87,83,99,0.202632321,48,144,1.646474861,20.82091767,,1.73873075,1.335771625,1.738005276,1.320666595,,1.268391,0.067380625,2,0.033690313
128.495,87,83,101,0.202707506,48,144,1.646474861,20.82091767,,1.73546625,1.404856875,1.734687207,1.388636481,,1.335771625,0.06908525,2,0.034542625
129.108,87,83,103,0.20278269,48,144,1.646474861,20.82091767,,1.732230875,1.47457275,1.731338849,1.455999958,,1.404856875,0.069715875,2,0.034857937
129.717,87,83,105,0.202857875,48,144,1.646474861,20.82091767,,1.729067375,1.546008625,1.727907883,1.521866931,,1.47457275,0.071435875,2,0.035717937
130.379,87,83,107,0.20293306,48,144,1.646474861,20.82091767,,1.725666,1.613841375,1.724649969,1.59268668,,1.546008625,0.06783275,2,0.033916375
130.998,87,83,109,0.203008245,48,144,1.646474861,20.82091767,,1.722522125,1.684380375,1.721262078,1.658145042,,1.613841375,0.070539,2,0.0352695
131.608,87,83,111,0.203083429,48,144,1.646474861,20.82091767,,1.71934025,1.752002375,1.718014287,1.7243946,,1.684380375,0.067622,2,0.033811
132.271,87,83,113,0.203158614,48,144,1.646474861,20.82091767,,1.716090375,1.8240255,1.714555115,1.792059979,,1.752002375,0.072023125,2,0.036011562
132.933,87,83,115,0.203233799,48,144,1.646474861,20.82091767,,1.712484875,1.894166125,1.711186357,1.867129798,,1.8240255,0.070140625,2,0.035070313
133.598,87,83,117,0.203308984,48,144,1.646474861,20.82091767,,1.7095325,1.960613,1.707995006,1.928600955,,1.894166125,0.066446875,2,0.033223438
134.257,87,83,119,0.203384168,48,144,1.646474861,20.82091767,,1.706369625,2.027912125,1.704762721,1.994454915,,1.960613,0.067299125,2,0.033649563
134.921,87,83,121,0.203459353,48,144,1.646474861,20.82091767,,1.70313525,2.10070875,1.7012664,2.06179757,,2.027912125,0.072796625,2,0.036398312
135.532,87,83,123,0.203534538,48,144,1.646474861,20.82091767,,1.699580875,2.16856275,1.698007465,2.13580292,,2.10070875,0.067854,2,0.033927
136.191,87,83,125,0.203609723,48,144,1.646474861,20.82091767,,1.696602125,2.233898875,1.694869461,2.197823228,,2.16856275,0.065336125,2,0.032668063
136.801,87,83,127,0.203684908,48,144,1.646474861,20.82091767,,1.693448625,2.301253375,1.691634517,2.263481992,,2.233898875,0.0673545,2,0.03367725
137.462,87,83,129,0.203760092,48,144,1.646474861,20.82091767,,1.690341625,2.37039,1.688313981,2.328172583,,2.301253375,0.069136625,2,0.034568313
138.125,87,83,131,0.203835277,48,144,1.646474861,20.82091767,,1.686915625,2.43559775,1.685182142,2.399505047,,2.37039,0.06520775,2,0.032603875
138.748,87,83,133,0.203910462,48,144,1.646474861,20.82091767,,1.683873875,2.5027185,1.681958425,2.462837073,,2.43559775,0.06712075,2,0.033560375
139.357,87,83,135,0.203985647,48,144,1.646474861,20.82091767,,1.680646125,2.569589375,1.678746709,2.53004179,,2.5027185,0.066870875,2,0.033435437
139.969,87,83,137,0.204060831,48,144,1.646474861,20.82091767,,1.6775995,2.63655725,1.675530334,2.593475319,,2.569589375,0.066967875,2,0.033483938
140.633,87,83,139,0.204136016,48,144,1.646474861,20.82091767,,1.674233125,2.705741625,1.672207504,2.663566336,,2.63655725,0.069184375,2,0.034592187
146.111,87,83,63,0.201278995,32,144,1.646474861,14.48942443,,1.799787375,0.56163025,1.799488209,0.557295506,,,,63,
146.774,87,83,66,0.201391772,32,144,1.646474861,14.48942443,,1.793967625,0.6385005,1.794182943,0.641620334,,0.56163025,0.07687025,3,0.025623417
147.433,87,83,69,0.20150455,32,144,1.646474861,14.48942443,,1.78897525,0.71238125,1.789084,0.713956974,,0.6385005,0.07388075,3,0.024626917
148.046,87,83,72,0.201617327,32,144,1.646474861,14.48942443,,1.783960875,0.78828675,1.783845317,0.786612382,,0.71238125,0.0759055,3,0.025301833
148.707,87,83,75,0.201730104,32,144,1.646474861,14.48942443,,1.779232,0.863525,1.778652685,0.855131059,,0.78828675,0.07523825,3,0.025079417
149.367,87,83,78,0.201842881,32,144,1.646474861,14.48942443,,1.77411225,0.935509125,1.773684639,0.92931329,,0.863525,0.071984125,3,0.023994708
150.045,87,83,81,0.201955658,32,144,1.646474861,14.48942443,,1.768535,1.010191125,1.768530397,1.010124432,,0.935509125,0.074682,3,0.024894
150.706,87,83,84,0.202068435,32,144,1.646474861,14.48942443,,1.763780625,1.084437375,1.763406229,1.079012589,,1.010191125,0.07424625,3,0.02474875
151.317,87,83,87,0.202181212,32,144,1.646474861,14.48942443,,1.75833775,1.15628475,1.758447621,1.157876715,,1.084437375,0.071847375,3,0.023949125
151.98,87,83,90,0.202293989,32,144,1.646474861,14.48942443,,1.754299,1.23090875,1.753297382,1.216395878,,1.15628475,0.074624,3,0.024874667
152.589,87,83,93,0.202406767,32,144,1.646474861,14.48942443,,1.748558375,1.303881,1.74826114,1.29957423,,1.23090875,0.07297225,3,0.024324083
153.25,87,83,96,0.202519544,32,144,1.646474861,14.48942443,,1.74382275,1.378726625,1.743095605,1.368190711,,1.303881,0.074845625,3,0.024948542
153.913,87,83,99,0.202632321,32,144,1.646474861,14.48942443,,1.738825,1.45172325,1.73805768,1.440605232,,1.378726625,0.072996625,3,0.024332208
154.523,87,83,102,0.202745098,32,144,1.646474861,14.48942443,,1.733704875,1.522944875,1.733142259,1.514792896,,1.45172325,0.071221625,3,0.023740542
155.192,87,83,105,0.202857875,32,144,1.646474861,14.48942443,,1.72912125,1.59686825,1.728040374,1.581206984,,1.522944875,0.073923375,3,0.024641125
155.852,87,83,108,0.202970652,32,144,1.646474861,14.48942443,,1.723631625,1.668470875,1.723098658,1.660748491,,1.59686825,0.071602625,3,0.023867542
156.465,87,83,111,0.203083429,32,144,1.646474861,14.48942443,,1.719433375,1.739170625,1.718219254,1.721578717,,1.668470875,0.07069975,3,0.023566583
157.127,87,83,114,0.203196207,32,144,1.646474861,14.48942443,,1.7144105,1.8134725,1.713091247,1.794357284,,1.739170625,0.074301875,3,0.024767292
157.739,87,83,117,0.203308984,32,144,1.646474861,14.48942443,,1.709613875,1.885885875,1.708093576,1.86385762,,1.8134725,0.072413375,3,0.024137792
158.351,87,83,120,0.203421761,32,144,1.646474861,14.48942443,,1.7043005,1.959182,1.703034982,1.940845365,,1.885885875,0.073296125,3,0.024432042
158.962,87,83,123,0.203534538,32,144,1.646474861,14.48942443,,1.69988175,2.028776375,1.698231866,2.00487051,,1.959182,0.069594375,3,0.023198125
159.622,87,83,126,0.203647315,32,144,1.646474861,14.48942443,,1.694764125,2.099100125,1.693378413,2.07902195,,2.028776375,0.07032375,3,0.02344125
160.233,87,83,129,0.203760092,32,144,1.646474861,14.48942443,,1.69045075,2.168550625,1.688585227,2.141520271,,2.099100125,0.0694505,3,0.023150167
160.897,87,83,132,0.203872869,32,144,1.646474861,14.48942443,,1.6852105,2.237691875,1.683813385,2.217448478,,2.168550625,0.06914125,3,0.023047083
161.559,87,83,135,0.203985647,32,144,1.646474861,14.48942443,,1.680792125,2.30730425,1.679009027,2.281468188,,2.237691875,0.069612375,3,0.023204125
162.167,87,83,138,0.204098424,32,144,1.646474861,14.48942443,,1.676304875,2.379301125,1.674040101,2.346485858,,2.30730425,0.071996875,3,0.023998958
162.826,87,83,141,0.204211201,32,144,1.646474861,14.48942443,,1.671247125,2.446640375,1.669392625,2.419769745,,2.379301125,0.06733925,3,0.022446417
163.485,87,83,144,0.204323978,32,144,1.646474861,14.48942443,,1.666686875,2.5183235,1.664445353,2.485845142,,2.446640375,0.071683125,3,0.023894375
164.095,87,83,147,0.204436755,32,144,1.646474861,14.48942443,,1.661845125,2.586550875,1.659736583,2.555999313,,2.5183235,0.068227375,3,0.022742458
164.76,87,83,150,0.204549532,32,144,1.646474861,14.48942443,,1.65734325,2.6536485,1.655105783,2.621228891,,2.586550875,0.067097625,3,0.022365875
165.423,87,83,153,0.204662309,32,144,1.646474861,14.48942443,,1.6523745,2.724484625,1.650216967,2.693223218,,2.6536485,0.070836125,3,0.023612042
171.293,87,83,50,0.200790294,24,144,1.646474861,11.32367781,,1.822489125,0.55837875,1.82211746,0.55417014,,,,50,
171.954,87,83,54,0.200940664,24,144,1.646474861,11.32367781,,1.815167125,0.63592325,1.815269464,0.637082109,,0.55837875,0.0775445,4,0.019386125
172.616,87,83,58,0.201091033,24,144,1.646474861,11.32367781,,1.808302375,0.7161535,1.808184288,0.714816326,,0.63592325,0.08023025,4,0.020057563
173.227,87,83,62,0.201241403,24,144,1.646474861,11.32367781,,1.800775125,0.792903125,1.801406488,0.80005248,,0.7161535,0.076749625,4,0.019187406
173.887,87,83,66,0.201391772,24,144,1.646474861,11.32367781,,1.79412725,0.872212,1.794402679,0.875330875,,0.792903125,0.079308875,4,0.019827219
174.546,87,83,70,0.201542142,24,144,1.646474861,11.32367781,,1.787318375,0.947981,1.787711479,0.952432381,,0.872212,0.075769,4,0.01894225
175.207,87,83,74,0.201692511,24,144,1.646474861,11.32367781,,1.780733125,1.028471125,1.780603353,1.027001631,,0.947981,0.080490125,4,0.020122531
175.867,87,83,78,0.201842881,24,144,1.646474861,11.32367781,,1.774213875,1.10436975,1.773900705,1.100823517,,1.028471125,0.075898625,4,0.018974656
176.476,87,83,82,0.20199325,24,144,1.646474861,11.32367781,,1.76771575,1.181938875,1.767050535,1.174406191,,1.10436975,0.077569125,4,0.019392281
177.138,87,83,86,0.20214362,24,144,1.646474861,11.32367781,,1.761019125,1.258546375,1.760285286,1.250236615,,1.181938875,0.0766075,4,0.019151875
177.748,87,83,90,0.202293989,24,144,1.646474861,11.32367781,,1.754691625,1.3338545,1.753634785,1.321887186,,1.258546375,0.075308125,4,0.018827031
178.359,87,83,94,0.202444359,24,144,1.646474861,11.32367781,,1.747933875,1.408145125,1.747074141,1.39840977,,1.3338545,0.074290625,4,0.018572656
179.022,87,83,98,0.202594729,24,144,1.646474861,11.32367781,,1.741338,1.487897625,1.740031155,1.473099333,,1.408145125,0.0797525,4,0.019938125
179.683,87,83,102,0.202745098,24,144,1.646474861,11.32367781,,1.734420375,1.562034875,1.733484055,1.55143229,,1.487897625,0.07413725,4,0.018534312
180.343,87,83,106,0.202895468,24,144,1.646474861,11.32367781,,1.72810575,1.63909725,1.726678636,1.622937069,,1.562034875,0.077062375,4,0.019265594
181.004,87,83,110,0.203045837,24,144,1.646474861,11.32367781,,1.7211375,1.7142615,1.720040841,1.701843287,,1.63909725,0.07516425,4,0.018791063
181.663,87,83,114,0.203196207,24,144,1.646474861,11.32367781,,1.714397375,1.791677125,1.713204226,1.778166291,,1.7142615,0.077415625,4,0.019353906
182.334,87,83,118,0.203346576,24,144,1.646474861,11.32367781,,1.707923625,1.865042875,1.706725258,1.85147295,,1.791677125,0.07336575,4,0.018341438
182.995,87,83,122,0.203496946,24,144,1.646474861,11.32367781,,1.701858,1.941401375,1.699981998,1.920158133,,1.865042875,0.0763585,4,0.019089625
183.659,87,83,126,0.203647315,24,144,1.646474861,11.32367781,,1.695088,2.01337775,1.693625726,1.996819432,,1.941401375,0.071976375,4,0.017994094
184.323,87,83,130,0.203797685,24,144,1.646474861,11.32367781,,1.689076,2.088313625,1.687008099,2.064897383,,2.01337775,0.074935875,4,0.018733969
184.936,87,83,134,0.203948054,24,144,1.646474861,11.32367781,,1.682611125,2.158924125,1.680772448,2.138103544,,2.088313625,0.0706105,4,0.017652625
185.546,87,83,138,0.204098424,24,144,1.646474861,11.32367781,,1.676626125,2.232512375,1.674273831,2.205875756,,2.158924125,0.07358825,4,0.018397062
186.208,87,83,142,0.204248793,24,144,1.646474861,11.32367781,,1.6702055,2.30313475,1.668037132,2.278580845,,2.232512375,0.070622375,4,0.017655594
186.869,87,83,146,0.204399163,24,144,1.646474861,11.32367781,,1.663914125,2.377787875,1.661444474,2.349822348,,2.30313475,0.074653125,4,0.018663281
187.531,87,83,150,0.204549532,24,144,1.646474861,11.32367781,,1.65733675,2.448861625,1.655167914,2.424302424,,2.377787875,0.07107375,4,0.017768438
188.193,87,83,154,0.204699902,24,144,1.646474861,11.32367781,,1.650844,2.521685,1.648736843,2.497824233,,2.448861625,0.072823375,4,0.018205844
188.852,87,83,158,0.204850271,24,144,1.646474861,11.32367781,,1.64289925,2.5913825,1.64258182,2.587788022,,2.521685,0.0696975,4,0.017424375
189.517,87,83,162,0.205000641,24,144,1.646474861,11.32367781,,1.637091125,2.662760125,1.636278424,2.653557358,,2.5913825,0.071377625,4,0.017844406
190.176,87,83,166,0.20515101,24,144,1.646474861,11.32367781,,1.630890125,2.732166125,1.630149143,2.723775484,,2.662760125,0.069406,4,0.0173515
195.693,87,83,26,0.199888077,16,144,1.646474861,8.157931185,,1.86478125,0.54283525,1.863816369,0.53496382,,,,26,
196.307,87,83,31,0.200076039,16,144,1.646474861,8.157931185,,1.856759625,0.61395725,1.855098228,0.600403684,,0.54283525,0.071122,5,0.0142244
196.967,87,83,36,0.200264001,16,144,1.646474861,8.157931185,,1.846066625,0.686646875,1.846187926,0.687636443,,0.61395725,0.072689625,5,0.014537925
197.632,87,83,41,0.200451963,16,144,1.646474861,8.157931185,,1.8381005,0.75749775,1.837503019,0.752623542,,0.686646875,0.070850875,5,0.014170175
198.295,87,83,46,0.200639925,16,144,1.646474861,8.157931185,,1.82914425,0.828320875,1.828821514,0.825688013,,0.75749775,0.070823125,5,0.014164625
198.956,87,83,51,0.200827887,16,144,1.646474861,8.157931185,,1.82037225,0.898148375,1.820262052,0.897249386,,0.828320875,0.0698275,5,0.0139655
199.565,87,83,56,0.201015849,16,144,1.646474861,8.157931185,,1.811851375,0.96988575,1.811468477,0.966762098,,0.898148375,0.071737375,5,0.014347475
200.177,87,83,61,0.201203811,16,144,1.646474861,8.157931185,,1.8032325,1.040388375,1.802826259,1.037074287,,0.96988575,0.070502625,5,0.014100525
200.839,87,83,66,0.201391772,16,144,1.646474861,8.157931185,,1.79428175,1.11083275,1.79419118,1.110093889,,1.040388375,0.070444375,5,0.014088875
201.452,87,83,71,0.201579734,16,144,1.646474861,8.157931185,,1.786459,1.17884,1.785854845,1.173911345,,1.11083275,0.06800725,5,0.01360145
202.064,87,83,76,0.201767696,16,144,1.646474861,8.157931185,,1.777582125,1.25024725,1.777101737,1.246328281,,1.17884,0.07140725,5,0.01428145
202.739,87,83,81,0.201955658,16,144,1.646474861,8.157931185,,1.768951625,1.319134125,1.768657578,1.316735306,,1.25024725,0.068886875,5,0.013777375
203.401,87,83,86,0.20214362,16,144,1.646474861,8.157931185,,1.761145875,1.387084375,1.760328229,1.380414077,,1.319134125,0.06795025,5,0.01359005
204.012,87,83,91,0.202331582,16,144,1.646474861,8.157931185,,1.7521735,1.457197125,1.751733802,1.453610095,,1.387084375,0.07011275,5,0.01402255
204.671,87,83,96,0.202519544,16,144,1.646474861,8.157931185,,1.74413025,1.52631525,1.743261295,1.519226375,,1.457197125,0.069118125,5,0.013823625
205.329,87,83,101,0.202707506,16,144,1.646474861,8.157931185,,1.73564225,1.59324625,1.735056887,1.588470895,,1.52631525,0.066931,5,0.0133862
205.941,87,83,106,0.202895468,16,144,1.646474861,8.157931185,,1.728209,1.6626035,1.726555068,1.649110837,,1.59324625,0.06935725,5,0.01387145
206.602,87,83,111,0.203083429,16,144,1.646474861,8.157931185,,1.719532625,1.72817625,1.718517154,1.719892107,,1.6626035,0.06557275,5,0.01311455
207.261,87,83,116,0.203271391,16,144,1.646474861,8.157931185,,1.7108555,1.79630725,1.710165649,1.790679496,,1.72817625,0.068131,5,0.0136262
207.924,87,83,121,0.203459353,16,144,1.646474861,8.157931185,,1.7033455,1.8643435,1.701825759,1.851945559,,1.79630725,0.06803625,5,0.01360725
208.587,87,83,126,0.203647315,16,144,1.646474861,8.157931185,,1.695489875,1.928999125,1.693900266,1.916031207,,1.8643435,0.064655625,5,0.012931125
209.252,87,83,131,0.203835277,16,144,1.646474861,8.157931185,,1.687262,1.996143125,1.685669748,1.983153645,,1.928999125,0.067144,5,0.0134288
209.915,87,83,136,0.204023239,16,144,1.646474861,8.157931185,,1.67956025,2.061783375,1.67762356,2.045983992,,1.996143125,0.06564025,5,0.01312805
210.576,87,83,141,0.204211201,16,144,1.646474861,8.157931185,,1.671293,2.126129375,1.669736021,2.113427648,,2.061783375,0.064346,5,0.0128692
211.189,87,83,146,0.204399163,16,144,1.646474861,8.157931185,,1.6639965,2.191417375,1.661733012,2.172951993,,2.126129375,0.065288,5,0.0130576
211.852,87,83,151,0.204587125,16,144,1.646474861,8.157931185,,1.655774375,2.254710875,1.653974488,2.240027523,,2.191417375,0.0632935,5,0.0126587
212.516,87,83,156,0.204775087,16,144,1.646474861,8.157931185,,1.64635225,2.319230125,1.646065712,2.31689257,,2.254710875,0.06451925,5,0.01290385
213.176,87,83,161,0.204963048,16,144,1.646474861,8.157931185,,1.6387485,2.38255225,1.63830368,2.37892344,,2.319230125,0.063322125,5,0.012664425
213.836,87,83,166,0.20515101,16,144,1.646474861,8.157931185,,1.630925625,2.445218125,1.630622091,2.442741916,,2.38255225,0.062665875,5,0.012533175
214.444,87,83,171,0.205338972,16,144,1.646474861,8.157931185,,1.623394125,2.508823125,1.622825384,2.504183374,,2.445218125,0.063605,5,0.012721
215.108,87,83,176,0.205526934,16,144,1.646474861,8.157931185,,1.615748375,2.57050775,1.615264077,2.566556877,,2.508823125,0.061684625,5,0.012336925
215.769,87,83,181,0.205714896,16,144,1.646474861,8.157931185,,1.60807725,2.631504875,1.607787043,2.629137387,,2.57050775,0.060997125,5,0.012199425
216.381,87,83,186,0.205902858,16,144,1.646474861,8.157931185,,1.600716125,2.69437325,1.600080631,2.689188938,,2.631504875,0.062868375,5,0.012573675
217.042,87,83,191,0.20609082,16,144,1.646474861,8.157931185,,1.59292475,2.7554485,1.592594021,2.752750439,,2.69437325,0.06107525,5,0.01221505
220.508,87,83,0,0.198910675,8,144,1.646474861,4.992184563,,1.912579875,0.7649035,1.910804468,0.756040339,,,,,
221.119,87,83,8,0.199211414,8,144,1.646474861,4.992184563,,1.89729625,0.838125875,1.896137066,0.832339015,,0.7649035,0.073222375,8,0.009152797
221.782,87,83,16,0.199512153,8,144,1.646474861,4.992184563,,1.883727375,0.909524,1.881835086,0.900077344,,0.838125875,0.071398125,8,0.008924766
222.391,87,83,24,0.199812892,8,144,1.646474861,4.992184563,,1.869067,0.980388875,1.867639923,0.973264642,,0.909524,0.070864875,8,0.008858109
223.055,87,83,32,0.200113632,8,144,1.646474861,4.992184563,,1.853309625,1.051766625,1.853342024,1.051928366,,0.980388875,0.07137775,8,0.008922219
223.717,87,83,40,0.200414371,8,144,1.646474861,4.992184563,,1.83905525,1.121010625,1.839471543,1.123088837,,1.051766625,0.069244,8,0.0086555
224.326,87,83,48,0.20071511,8,144,1.646474861,4.992184563,,1.825922125,1.18998575,1.825654921,1.18865182,,1.121010625,0.068975125,8,0.008621891
224.989,87,83,56,0.201015849,8,144,1.646474861,4.992184563,,1.81231075,1.26056075,1.811517824,1.256602317,,1.18998575,0.070575,8,0.008821875
225.648,87,83,64,0.201316588,8,144,1.646474861,4.992184563,,1.797573875,1.32930925,1.797746598,1.330171517,,1.26056075,0.0687485,8,0.008593563
226.312,87,83,72,0.201617327,8,144,1.646474861,4.992184563,,1.784044625,1.397903625,1.784006246,1.39771203,,1.32930925,0.068594375,8,0.008574297
226.973,87,83,80,0.201918066,8,144,1.646474861,4.992184563,,1.770946375,1.4668315,1.770199089,1.463100911,,1.397903625,0.068927875,8,0.008615984
227.645,87,83,88,0.202218805,8,144,1.646474861,4.992184563,,1.75786425,1.53348275,1.75684797,1.528409293,,1.4668315,0.06665125,8,0.008331406
228.257,87,83,96,0.202519544,8,144,1.646474861,4.992184563,,1.7443475,1.600792125,1.74336502,1.595887404,,1.53348275,0.067309375,8,0.008413672
228.92,87,83,104,0.202820283,8,144,1.646474861,4.992184563,,1.73111375,1.668462875,1.729809682,1.661952727,,1.600792125,0.06767075,8,0.008458844
229.579,87,83,112,0.203121022,8,144,1.646474861,4.992184563,,1.718112125,1.733921375,1.716697486,1.726859238,,1.668462875,0.0654585,8,0.008182312
230.238,87,83,120,0.203421761,8,144,1.646474861,4.992184563,,1.70519525,1.798841375,1.70369316,1.791342662,,1.733921375,0.06492,8,0.008115
230.898,87,83,128,0.2037225,8,144,1.646474861,4.992184563,,1.69254775,1.864616375,1.690517565,1.854481316,,1.798841375,0.065775,8,0.008221875
231.56,87,83,136,0.204023239,8,144,1.646474861,4.992184563,,1.679838875,1.928776125,1.677665526,1.917926366,,1.864616375,0.06415975,8,0.008019969
232.221,87,83,144,0.204323978,8,144,1.646474861,4.992184563,,1.666906125,1.993622375,1.664675972,1.982489041,,1.928776125,0.06484625,8,0.008105781
232.847,87,83,152,0.204624717,8,144,1.646474861,4.992184563,,1.65436925,2.056991125,1.651982381,2.045075435,,1.993622375,0.06336875,8,0.007921094
233.457,87,83,160,0.204925456,8,144,1.646474861,4.992184563,,1.64012525,2.1195015,1.639460734,2.116184112,,2.056991125,0.062510375,8,0.007813797
234.119,87,83,168,0.205226195,8,144,1.646474861,4.992184563,,1.6279645,2.18085375,1.627171074,2.17689282,,2.1195015,0.06135225,8,0.007669031
234.781,87,83,176,0.205526934,8,144,1.646474861,4.992184563,,1.615759,2.241595,1.615003805,2.237824929,,2.18085375,0.06074125,8,0.007592656
235.392,87,83,184,0.205827673,8,144,1.646474861,4.992184563,,1.6035715,2.302855625,1.602732499,2.298667178,,2.241595,0.061260625,8,0.007657578
236.053,87,83,192,0.206128412,8,144,1.646474861,4.992184563,,1.591432625,2.362535375,1.590777863,2.359266683,,2.302855625,0.05967975,8,0.007459969
236.673,87,83,200,0.206429151,8,144,1.646474861,4.992184563,,1.57953025,2.4218375,1.57889887,2.418685535,,2.362535375,0.059302125,8,0.007412766
237.287,87,83,208,0.20672989,8,144,1.646474861,4.992184563,,1.567892,2.480242375,1.567199608,2.476785827,,2.4218375,0.058404875,8,0.007300609
237.898,87,83,216,0.207030629,8,144,1.646474861,4.992184563,,1.556179875,2.53858175,1.555513467,2.535254917,,2.480242375,0.058339375,8,0.007292422
238.51,87,83,224,0.207331368,8,144,1.646474861,4.992184563,,1.54444075,2.59722775,1.543765904,2.593858796,,2.53858175,0.058646,8,0.00733075
239.172,87,83,232,0.207632107,8,144,1.646474861,4.992184563,,1.533091,2.6548605,1.532221309,2.650518842,,2.59722775,0.05763275,8,0.007204094
239.833,87,83,240,0.207932846,8,144,1.646474861,4.992184563,,1.52149825,2.71247625,1.520680119,2.70839199,,2.6548605,0.05761575,8,0.007201969
240.953,87,83,0,0.198910675,4,144,1.646474861,3.409311252,,1.912417875,1.0699665,1.910110474,1.062099853,,,,,
241.564,87,83,9,0.199249007,4,144,1.646474861,3.409311252,,1.896356125,1.124546125,1.894101486,1.116859358,,1.0699665,0.054579625,9,0.006064403
242.175,87,83,18,0.199587338,4,144,1.646474861,3.409311252,,1.8796715,1.17900475,1.878127988,1.173742438,,1.124546125,0.054458625,9,0.006050958
242.833,87,83,27,0.19992567,4,144,1.646474861,3.409311252,,1.8637855,1.233515875,1.862139092,1.227902757,,1.17900475,0.054511125,9,0.006056792
243.445,87,83,36,0.200264001,4,144,1.646474861,3.409311252,,1.84617225,1.288356875,1.846053438,1.287951808,,1.233515875,0.054841,9,0.006093444
244.056,87,83,45,0.200602332,4,144,1.646474861,3.409311252,,1.831355875,1.34138375,1.830499893,1.338465442,,1.288356875,0.053026875,9,0.005891875
244.718,87,83,54,0.200940664,4,144,1.646474861,3.409311252,,1.815455,1.3941395,1.815025873,1.392676474,,1.34138375,0.05275575,9,0.00586175
245.384,87,83,63,0.201278995,4,144,1.646474861,3.409311252,,1.80005375,1.447857875,1.799269502,1.445184129,,1.3941395,0.053718375,9,0.005968708
246.043,87,83,72,0.201617327,4,144,1.646474861,3.409311252,,1.784116875,1.5009765,1.783689046,1.499517896,,1.447857875,0.053118625,9,0.005902069
246.706,87,83,81,0.201955658,4,144,1.646474861,3.409311252,,1.769083625,1.552451375,1.768590725,1.550770925,,1.5009765,0.051474875,9,0.005719431
247.317,87,83,90,0.202293989,4,144,1.646474861,3.409311252,,1.754678875,1.6037255,1.753551287,1.599881201,,1.552451375,0.051274125,9,0.005697125
247.929,87,83,99,0.202632321,4,144,1.646474861,3.409311252,,1.739096875,1.656395,1.738102565,1.653005089,,1.6037255,0.0526695,9,0.005852167
248.59,87,83,108,0.202970652,4,144,1.646474861,3.409311252,,1.724287125,1.706586625,1.72338064,1.703496136,,1.656395,0.050191625,9,0.005576847
249.202,87,83,117,0.203308984,4,144,1.646474861,3.409311252,,1.70985625,1.756732125,1.708672244,1.752695481,,1.706586625,0.0501455,9,0.005571722
249.813,87,83,126,0.203647315,4,144,1.646474861,3.409311252,,1.695495875,1.806646,1.694031787,1.801654469,,1.756732125,0.049913875,9,0.005545986
250.477,87,83,135,0.203985647,4,144,1.646474861,3.409311252,,1.681068375,1.856209125,1.67949421,1.850842307,,1.806646,0.049563125,9,0.005507014
251.137,87,83,144,0.204323978,4,144,1.646474861,3.409311252,,1.666880875,1.90623675,1.664820389,1.89921191,,1.856209125,0.050027625,9,0.005558625
251.799,87,83,153,0.204662309,4,144,1.646474861,3.409311252,,1.652765625,1.95452275,1.650657411,1.947335191,,1.90623675,0.048286,9,0.005365111
252.46,87,83,162,0.205000641,4,144,1.646474861,3.409311252,,1.637233875,2.002742625,1.636513828,2.000287761,,1.95452275,0.048219875,9,0.005357764
253.131,87,83,171,0.205338972,4,144,1.646474861,3.409311252,,1.623485125,2.050056125,1.622636098,2.047161529,,2.002742625,0.0473135,9,0.005257056
253.793,87,83,180,0.205677304,4,144,1.646474861,3.409311252,,1.60971075,2.097384625,1.608753969,2.094122661,,2.050056125,0.0473285,9,0.005258722
254.457,87,83,189,0.206015635,4,144,1.646474861,3.409311252,,1.59590625,2.143623625,1.595191406,2.141186498,,2.097384625,0.046239,9,0.005137667
255.117,87,83,198,0.206353966,4,144,1.646474861,3.409311252,,1.58271375,2.188625125,1.581991819,2.186163837,,2.143623625,0.0450015,9,0.005000167
255.78,87,83,207,0.206692298,4,144,1.646474861,3.409311252,,1.569354125,2.234108375,1.568650928,2.231710956,,2.188625125,0.04548325,9,0.005053694
256.389,87,83,216,0.207030629,4,144,1.646474861,3.409311252,,1.556068625,2.27951225,1.555333318,2.277005361,,2.234108375,0.045403875,9,0.005044875
257.051,87,83,225,0.207368961,4,144,1.646474861,3.409311252,,1.54301775,2.32366625,1.542382316,2.321499856,,2.27951225,0.044154,9,0.004906
257.711,87,83,234,0.207707292,4,144,1.646474861,3.409311252,,1.53018025,2.367673,1.529474503,2.365266889,,2.32366625,0.04400675,9,0.004889639
258.374,87,83,243,0.208045623,4,144,1.646474861,3.409311252,,1.517520125,2.4108875,1.516799069,2.408429196,,2.367673,0.0432145,9,0.004801611
259.035,87,83,252,0.208383955,4,144,1.646474861,3.409311252,,1.5047495,2.4540615,1.504135514,2.451968231,,2.4108875,0.043174,9,0.004797111
260.21,87,83,0,0.198910675,2,144,1.646474861,2.617874597,,1.912653125,1.220095,1.910366686,1.214109389,,,,,
260.82,87,83,9,0.199249007,2,144,1.646474861,2.617874597,,1.89647775,1.263843,1.893655419,1.256454492,,1.220095,0.043748,9,0.004860889
261.482,87,83,18,0.199587338,2,144,1.646474861,2.617874597,,1.879842,1.305298875,1.87781972,1.300004799,,1.263843,0.041455875,9,0.004606208
262.092,87,83,27,0.19992567,2,144,1.646474861,2.617874597,,1.864194125,1.34655475,1.862060418,1.340968974,,1.305298875,0.041255875,9,0.004583986
262.703,87,83,36,0.200264001,2,144,1.646474861,2.617874597,,1.8465545,1.387912375,1.84626225,1.3871473,,1.34655475,0.041357625,9,0.004595292
263.317,87,83,45,0.200602332,2,144,1.646474861,2.617874597,,1.8317755,1.42912225,1.83052052,1.425836869,,1.387912375,0.041209875,9,0.004578875
263.979,87,83,54,0.200940664,2,144,1.646474861,2.617874597,,1.815752,1.4707745,1.814609807,1.467784382,,1.42912225,0.04165225,9,0.004628028
264.59,87,83,63,0.201278995,2,144,1.646474861,2.617874597,,1.80008475,1.511187,1.799172666,1.508799278,,1.4707745,0.0404125,9,0.004490278
265.201,87,83,72,0.201617327,2,144,1.646474861,2.617874597,,1.784045125,1.551925625,1.783610948,1.550789005,,1.511187,0.040738625,9,0.004526514
265.812,87,83,81,0.201955658,2,144,1.646474861,2.617874597,,1.768943375,1.591455,1.768511151,1.590323493,,1.551925625,0.039529375,9,0.004392153
266.471,87,83,90,0.202293989,2,144,1.646474861,2.617874597,,1.754722375,1.630560625,1.753573222,1.627552287,,1.591455,0.039105625,9,0.004345069
267.082,87,83,99,0.202632321,2,144,1.646474861,2.617874597,,1.739232625,1.671139875,1.738072384,1.66810251,,1.630560625,0.04057925,9,0.004508806
267.741,87,83,108,0.202970652,2,144,1.646474861,2.617874597,,1.724127625,1.70973825,1.723328219,1.707645506,,1.671139875,0.038598375,9,0.004288708
268.402,87,83,117,0.203308984,2,144,1.646474861,2.617874597,,1.709766625,1.747941625,1.70873494,1.745240803,,1.70973825,0.038203375,9,0.004244819
269.013,87,83,126,0.203647315,2,144,1.646474861,2.617874597,,1.6955805,1.785864625,1.694248761,1.782378299,,1.747941625,0.037923,9,0.004213667
269.674,87,83,135,0.203985647,2,144,1.646474861,2.617874597,,1.68125875,1.823596,1.679835781,1.819870845,,1.785864625,0.037731375,9,0.004192375
270.293,87,83,144,0.204323978,2,144,1.646474861,2.617874597,,1.6669685,1.86289875,1.664822552,1.857280927,,1.823596,0.03930275,9,0.004366972
270.913,87,83,153,0.204662309,2,144,1.646474861,2.617874597,,1.65284425,1.899834875,1.650713349,1.894256443,,1.86289875,0.036936125,9,0.004104014
271.536,87,83,162,0.205000641,2,144,1.646474861,2.617874597,,1.637310625,1.936648875,1.636650796,1.934921525,,1.899834875,0.036814,9,0.004090444
272.145,87,83,171,0.205338972,2,144,1.646474861,2.617874597,,1.62358475,1.973210625,1.6226846,1.970854144,,1.936648875,0.03656175,9,0.004062417
272.808,87,83,180,0.205677304,2,144,1.646474861,2.617874597,,1.609757,2.009439375,1.608845606,2.00705346,,1.973210625,0.03622875,9,0.004025417
273.473,87,83,189,0.206015635,2,144,1.646474861,2.617874597,,1.5961005,2.045385625,1.595114524,2.042804464,,2.009439375,0.03594625,9,0.003994028
274.089,87,83,198,0.206353966,2,144,1.646474861,2.617874597,,1.582811875,2.08087125,1.581559396,2.077592418,,2.045385625,0.035485625,9,0.003942847
274.699,87,83,207,0.206692298,2,144,1.646474861,2.617874597,,1.569321875,2.115711625,1.568250747,2.112907546,,2.08087125,0.034840375,9,0.003871153
275.357,87,83,216,0.207030629,2,144,1.646474861,2.617874597,,1.55606125,2.150116,1.555108645,2.1476222,,2.115711625,0.034404375,9,0.003822708
275.969,87,83,225,0.207368961,2,144,1.646474861,2.617874597,,1.543127875,2.1842165,1.54208262,2.181480154,,2.150116,0.0341005,9,0.003788944
276.631,87,83,234,0.207707292,2,144,1.646474861,2.617874597,,1.530234375,2.217785375,1.52925967,2.21523372,,2.1842165,0.033568875,9,0.003729875
277.245,87,83,243,0.208045623,2,144,1.646474861,2.617874597,,1.517551,2.25079925,1.516648724,2.248437205,,2.217785375,0.033013875,9,0.003668208
277.905,87,83,252,0.208383955,2,144,1.646474861,2.617874597,,1.504952875,2.284038,1.503951878,2.281417516,,2.25079925,0.03323875,9,0.003693194
279.028,87,83,0,0.198910675,1,144,1.646474861,2.222156269,,1.9126465,1.296758375,1.909843602,1.290529898,,,,,
279.64,87,83,9,0.199249007,1,144,1.646474861,2.222156269,,1.89655125,1.33234075,1.893831058,1.326296059,,1.296758375,0.035582375,9,0.003953597
280.249,87,83,18,0.199587338,1,144,1.646474861,2.222156269,,1.88013675,1.36791325,1.877822958,1.362771643,,1.33234075,0.0355725,9,0.0039525
280.911,87,83,27,0.19992567,1,144,1.646474861,2.222156269,,1.8642905,1.403348875,1.861876454,1.397984487,,1.36791325,0.035435625,9,0.003937292
281.575,87,83,36,0.200264001,1,144,1.646474861,2.222156269,,1.8469415,1.438420125,1.846093923,1.436536676,,1.403348875,0.03507125,9,0.003896806
282.234,87,83,45,0.200602332,1,144,1.646474861,2.222156269,,1.83204675,1.474124625,1.830026421,1.469635138,,1.438420125,0.0357045,9,0.003967167
282.895,87,83,54,0.200940664,1,144,1.646474861,2.222156269,,1.81601725,1.5083835,1.81460947,1.505255192,,1.474124625,0.034258875,9,0.003806542
283.556,87,83,63,0.201278995,1,144,1.646474861,2.222156269,,1.800097875,1.542491,1.799260639,1.540630531,,1.5083835,0.0341075,9,0.003789722
284.232,87,83,72,0.201617327,1,144,1.646474861,2.222156269,,1.784227,1.5771715,1.783653951,1.575898095,,1.542491,0.0346805,9,0.003853389
284.899,87,83,81,0.201955658,1,144,1.646474861,2.222156269,,1.769539875,1.61063725,1.768593916,1.608535182,,1.5771715,0.03346575,9,0.003718417
285.514,87,83,90,0.202293989,1,144,1.646474861,2.222156269,,1.75478925,1.6434865,1.753811315,1.641313376,,1.61063725,0.03284925,9,0.003649917
286.173,87,83,99,0.202632321,1,144,1.646474861,2.222156269,,1.739367625,1.678498875,1.738055279,1.675582637,,1.6434865,0.035012375,9,0.003890264
286.835,87,83,108,0.202970652,1,144,1.646474861,2.222156269,,1.724654375,1.710744,1.723544542,1.708277777,,1.678498875,0.032245125,9,0.003582792
287.445,87,83,117,0.203308984,1,144,1.646474861,2.222156269,,1.709849875,1.743724625,1.70870282,1.74117569,,1.710744,0.032980625,9,0.003664514
288.058,87,83,126,0.203647315,1,144,1.646474861,2.222156269,,1.695522875,1.775599375,1.694358757,1.773012523,,1.743724625,0.03187475,9,0.003541639
288.72,87,83,135,0.203985647,1,144,1.646474861,2.222156269,,1.681231625,1.807778375,1.679877777,1.804769914,,1.775599375,0.032179,9,0.003575444
289.384,87,83,144,0.204323978,1,144,1.646474861,2.222156269,,1.667131625,1.839550375,1.665579953,1.836102317,,1.807778375,0.031772,9,0.003530222
290.054,87,83,153,0.204662309,1,144,1.646474861,2.222156269,,1.65290675,1.872329375,1.650828965,1.867712212,,1.839550375,0.032779,9,0.003642111
290.717,87,83,162,0.205000641,1,144,1.646474861,2.222156269,,1.637283,1.903650375,1.636734097,1.902430626,,1.872329375,0.031321,9,0.003480111
291.326,87,83,171,0.205338972,1,144,1.646474861,2.222156269,,1.623571375,1.934419375,1.622887636,1.9329,,1.903650375,0.030769,9,0.003418778
291.939,87,83,180,0.205677304,1,144,1.646474861,2.222156269,,1.6097875,1.96507175,1.609093658,1.963529924,,1.934419375,0.030652375,9,0.003405819
292.602,87,83,189,0.206015635,1,144,1.646474861,2.222156269,,1.596129125,1.995707125,1.59530733,1.993880968,,1.96507175,0.030635375,9,0.003403931
293.211,87,83,198,0.206353966,1,144,1.646474861,2.222156269,,1.58288725,2.025753375,1.581786116,2.023306483,,1.995707125,0.03004625,9,0.003338472
293.822,87,83,207,0.206692298,1,144,1.646474861,2.222156269,,1.56944775,2.05583175,1.568250445,2.053171152,,2.025753375,0.030078375,9,0.003342042
294.453,87,83,216,0.207030629,1,144,1.646474861,2.222156269,,1.556390375,2.08570225,1.554808322,2.08218668,,2.05583175,0.0298705,9,0.003318944
295.114,87,83,225,0.207368961,1,144,1.646474861,2.222156269,,1.54318875,2.114725875,1.541747303,2.111522754,,2.08570225,0.029023625,9,0.003224847
295.773,87,83,234,0.207707292,1,144,1.646474861,2.222156269,,1.530421875,2.1430475,1.529002193,2.139892745,,2.114725875,0.028321625,9,0.003146847
296.436,87,83,243,0.208045623,1,144,1.646474861,2.222156269,,1.517737875,2.1711905,1.516337467,2.168078575,,2.1430475,0.028143,9,0.003127
297.1,87,83,252,0.208383955,1,144,1.646474861,2.222156269,,1.504953,2.199107625,1.503774388,2.196488565,,2.1711905,0.027917125,9,0.003101903
7.583,73,69,129,0.170208894,255,147,1.647649907,102.7346115,,1.73240375,0.568603875,1.732213248,0.549032775,,,,129,
8.243,73,69,130,0.170246486,255,147,1.647649907,102.7346115,,1.732232625,0.643982875,1.731479523,0.566613235,,0.568603875,0.075379,1,0.075379
8.907,73,69,131,0.170284079,255,147,1.647649907,102.7346115,,1.73172775,0.71879325,1.730751332,0.618481372,,0.643982875,0.074810375,1,0.074810375
9.568,73,69,132,0.170321671,255,147,1.647649907,102.7346115,,1.730521625,0.796983125,1.729990246,0.742392155,,0.71879325,0.078189875,1,0.078189875
10.179,73,69,133,0.170359264,255,147,1.647649907,102.7346115,,1.72941825,0.874625375,1.729234491,0.855746957,,0.796983125,0.07764225,1,0.07764225
10.839,73,69,134,0.170396856,255,147,1.647649907,102.7346115,,1.729075125,0.948295125,1.728517403,0.890997771,,0.874625375,0.07366975,1,0.07366975
11.499,73,69,135,0.170434448,255,147,1.647649907,102.7346115,,1.728862375,1.026603625,1.727755162,0.91285456,,0.948295125,0.0783085,1,0.0783085
12.109,73,69,136,0.170472041,255,147,1.647649907,102.7346115,,1.727772625,1.10987175,1.726944646,1.024809602,,1.026603625,0.083268125,1,0.083268125
12.769,73,69,137,0.170509633,255,147,1.647649907,102.7346115,,1.726550125,1.18453275,1.726217909,1.150402665,,1.10987175,0.074661,1,0.074661
13.429,73,69,138,0.170547225,255,147,1.647649907,102.7346115,,1.7258855,1.263982125,1.725444563,1.218682656,,1.18453275,0.079449375,1,0.079449375
14.042,73,69,139,0.170584818,255,147,1.647649907,102.7346115,,1.725665125,1.339235125,1.724712064,1.241322796,,1.263982125,0.075253,1,0.075253
14.707,73,69,140,0.17062241,255,147,1.647649907,102.7346115,,1.724915125,1.41121325,1.724011442,1.318373755,,1.339235125,0.071978125,1,0.071978125
15.317,73,69,141,0.170660003,255,147,1.647649907,102.7346115,,1.723756125,1.487583875,1.723268065,1.43744317,,1.41121325,0.076370625,1,0.076370625
15.927,73,69,142,0.170697595,255,147,1.647649907,102.7346115,,1.722779125,1.564498875,1.722519388,1.537814885,,1.487583875,0.076915,1,0.076915
16.586,73,69,143,0.170735187,255,147,1.647649907,102.7346115,,1.722560125,1.64118575,1.721772932,1.560313765,,1.564498875,0.076686875,1,0.076686875
17.194,73,69,144,0.17077278,255,147,1.647649907,102.7346115,,1.72213975,1.725909625,1.720948245,1.603500827,,1.64118575,0.084723875,1,0.084723875
17.854,73,69,145,0.170810372,255,147,1.647649907,102.7346115,,1.721143625,1.79672625,1.720258929,1.705837342,,1.725909625,0.070816625,1,0.070816625
18.513,73,69,146,0.170847964,255,147,1.647649907,102.7346115,,1.719921375,1.874550625,1.719501401,1.831404721,,1.79672625,0.077824375,1,0.077824375
19.122,73,69,147,0.170885557,255,147,1.647649907,102.7346115,,1.71945725,1.95082075,1.718759001,1.879086423,,1.874550625,0.076270125,1,0.076270125
19.783,73,69,148,0.170923149,255,147,1.647649907,102.7346115,,1.719221375,2.021225375,1.718073695,1.903318949,,1.95082075,0.070404625,1,0.070404625
20.448,73,69,149,0.170960742,255,147,1.647649907,102.7346115,,1.718433875,2.10273375,1.717280308,1.984222456,,2.021225375,0.081508375,1,0.081508375
21.059,73,69,150,0.170998334,255,147,1.647649907,102.7346115,,1.717211375,2.173053875,1.716595824,2.109815518,,2.10273375,0.070320125,1,0.070320125
21.67,73,69,151,0.171035926,255,147,1.647649907,102.7346115,,1.716417375,2.249399625,1.715852689,2.1913868,,2.173053875,0.07634575,1,0.07634575
22.333,73,69,152,0.171073519,255,147,1.647649907,102.7346115,,1.716106125,2.335116,1.715018341,2.223362948,,2.249399625,0.085716375,1,0.085716375
22.996,73,69,153,0.171111111,255,147,1.647649907,102.7346115,,1.715723,2.41131325,1.714276651,2.262723146,,2.335116,0.07619725,1,0.07619725
23.656,73,69,154,0.171148703,255,147,1.647649907,102.7346115,,1.71461025,2.4841615,1.713567559,2.377041085,,2.41131325,0.07284825,1,0.07284825
24.317,73,69,155,0.171186296,255,147,1.647649907,102.7346115,,1.713534,2.55565275,1.712871677,2.48760921,,2.4841615,0.07149125,1,0.07149125
24.929,73,69,156,0.171223888,255,147,1.647649907,102.7346115,,1.712986875,2.631629,1.712132138,2.543817884,,2.55565275,0.07597625,1,0.07597625
25.589,73,69,157,0.171261481,255,147,1.647649907,102.7346115,,1.712730875,2.705975625,1.711408461,2.570117945,,2.631629,0.074346625,1,0.074346625
31.007,73,69,125,0.170058524,192,147,1.647649907,77.80435686,,1.73560475,0.596504375,1.735448884,0.584377329,,,,125,
31.618,73,69,126,0.170096117,192,147,1.647649907,77.80435686,,1.7353545,0.653136,1.734721012,0.603847869,,0.596504375,0.056631625,1,0.056631625
32.279,73,69,127,0.170133709,192,147,1.647649907,77.80435686,,1.73483,0.7123275,1.733960238,0.644656254,,0.653136,0.0591915,1,0.0591915
32.889,73,69,128,0.170171302,192,147,1.647649907,77.80435686,,1.73341775,0.774037375,1.733167097,0.754535457,,0.7123275,0.061709875,1,0.061709875
33.552,73,69,129,0.170208894,192,147,1.647649907,77.80435686,,1.732499375,0.83179275,1.732424781,0.825989034,,0.774037375,0.057755375,1,0.057755375
34.214,73,69,130,0.170246486,192,147,1.647649907,77.80435686,,1.73222025,0.892558625,1.731643773,0.847706175,,0.83179275,0.060765875,1,0.060765875
34.823,73,69,131,0.170284079,192,147,1.647649907,77.80435686,,1.732021375,0.9478945,1.730932554,0.863179516,,0.892558625,0.055335875,1,0.055335875
35.483,73,69,132,0.170321671,192,147,1.647649907,77.80435686,,1.730984625,1.005097625,1.730197337,0.943843183,,0.9478945,0.057203125,1,0.057203125
36.145,73,69,133,0.170359264,192,147,1.647649907,77.80435686,,1.72971225,1.0646955,1.72943134,1.042839502,,1.005097625,0.059597875,1,0.059597875
36.807,73,69,134,0.170396856,192,147,1.647649907,77.80435686,,1.729162125,1.121611875,1.728699808,1.085641624,,1.0646955,0.056916375,1,0.056916375
37.468,73,69,135,0.170434448,192,147,1.647649907,77.80435686,,1.72895275,1.180557,1.727942201,1.101931911,,1.121611875,0.058945125,1,0.058945125
38.078,73,69,136,0.170472041,192,147,1.647649907,77.80435686,,1.72810575,1.244255,1.727123507,1.167832201,,1.180557,0.063698,1,0.063698
38.69,73,69,137,0.170509633,192,147,1.647649907,77.80435686,,1.726732125,1.300337875,1.726402688,1.274706211,,1.244255,0.056082875,1,0.056082875
39.352,73,69,138,0.170547225,192,147,1.647649907,77.80435686,,1.726049625,1.35784925,1.725663508,1.327807684,,1.300337875,0.057511375,1,0.057511375
40.012,73,69,139,0.170584818,192,147,1.647649907,77.80435686,,1.725734625,1.416420375,1.724910708,1.352316057,,1.35784925,0.058571125,1,0.058571125
40.622,73,69,140,0.17062241,192,147,1.647649907,77.80435686,,1.725228375,1.473724625,1.724174191,1.391704512,,1.416420375,0.05730425,1,0.05730425
41.282,73,69,141,0.170660003,192,147,1.647649907,77.80435686,,1.7239625,1.531317375,1.723433966,1.490195103,,1.473724625,0.05759275,1,0.05759275
41.94,73,69,142,0.170697595,192,147,1.647649907,77.80435686,,1.722962375,1.584900125,1.72274528,1.568009185,,1.531317375,0.05358275,1,0.05358275
42.601,73,69,143,0.170735187,192,147,1.647649907,77.80435686,,1.722630875,1.643738,1.721989051,1.593801329,,1.584900125,0.058837875,1,0.058837875
43.213,73,69,144,0.17077278,192,147,1.647649907,77.80435686,,1.722329875,1.7107145,1.721128219,1.617220441,,1.643738,0.0669765,1,0.0669765
43.827,73,69,145,0.170810372,192,147,1.647649907,77.80435686,,1.721281125,1.767300375,1.720400935,1.69881776,,1.7107145,0.056585875,1,0.056585875
44.438,73,69,146,0.170847964,192,147,1.647649907,77.80435686,,1.720117875,1.824587,1.719664644,1.789323678,,1.767300375,0.057286625,1,0.057286625
45.112,73,69,147,0.170885557,192,147,1.647649907,77.80435686,,1.71945675,1.885044625,1.718887598,1.840762084,,1.824587,0.060457625,1,0.060457625
45.775,73,69,148,0.170923149,192,147,1.647649907,77.80435686,,1.719286125,1.9433025,1.718138824,1.854037452,,1.885044625,0.058257875,1,0.058257875
46.436,73,69,149,0.170960742,192,147,1.647649907,77.80435686,,1.71863275,1.99866125,1.717427311,1.904872874,,1.9433025,0.05535875,1,0.05535875
47.097,73,69,150,0.170998334,192,147,1.647649907,77.80435686,,1.7174375,2.054261,1.716712702,1.997868531,,1.99866125,0.05559975,1,0.05559975
47.757,73,69,151,0.171035926,192,147,1.647649907,77.80435686,,1.716440875,2.1124595,1.715964691,2.075410298,,2.054261,0.0581985,1,0.0581985
48.417,73,69,152,0.171073519,192,147,1.647649907,77.80435686,,1.716105125,2.1739675,1.715174144,2.101533111,,2.1124595,0.061508,1,0.061508
49.028,73,69,153,0.171111111,192,147,1.647649907,77.80435686,,1.715894875,2.230726125,1.714444639,2.117891477,,2.1739675,0.056758625,1,0.056758625
49.639,73,69,154,0.171148703,192,147,1.647649907,77.80435686,,1.714970875,2.287129125,1.713719706,2.189782703,,2.230726125,0.056403,1,0.056403
50.301,73,69,155,0.171186296,192,147,1.647649907,77.80435686,,1.713667375,2.344132375,1.712987057,2.291200682,,2.287129125,0.05700325,1,0.05700325
50.964,73,69,156,0.171223888,192,147,1.647649907,77.80435686,,1.7130265,2.400271375,1.712265517,2.341063549,,2.344132375,0.056139,1,0.056139
51.574,73,69,157,0.171261481,192,147,1.647649907,77.80435686,,1.712771,2.458860875,1.71151248,2.360942562,,2.400271375,0.0585895,1,0.0585895
52.235,73,69,158,0.171299073,192,147,1.647649907,77.80435686,,1.712163,2.514433625,1.710798218,2.408247611,,2.458860875,0.05557275,1,0.05557275
52.898,73,69,159,0.171336665,192,147,1.647649907,77.80435686,,1.7107615,2.573539375,1.710038546,2.517290418,,2.514433625,0.05910575,1,0.05910575
53.558,73,69,160,0.171374258,192,147,1.647649907,77.80435686,,1.709868375,2.638281,1.709206438,2.586779434,,2.573539375,0.064741625,1,0.064741625
54.219,73,69,161,0.17141185,192,147,1.647649907,77.80435686,,1.709618375,2.692012375,1.708515842,2.606230523,,2.638281,0.053731375,1,0.053731375
59.593,73,69,115,0.169682601,128,147,1.647649907,52.47838389,,1.7437025,0.554705,1.743220291,0.529399463,,,,115,
60.203,73,69,116,0.169720193,128,147,1.647649907,52.47838389,,1.74254,0.593434875,1.742482275,0.590405584,,0.554705,0.038729875,1,0.038729875
60.81,73,69,117,0.169757785,128,147,1.647649907,52.47838389,,1.74201175,0.633054,1.741727315,0.61812729,,0.593434875,0.039619125,1,0.039619125
61.47,73,69,118,0.169795378,128,147,1.647649907,52.47838389,,1.74179325,0.6703775,1.741016098,0.629593817,,0.633054,0.0373235,1,0.0373235
62.129,73,69,119,0.16983297,128,147,1.647649907,52.47838389,,1.7410725,0.70903725,1.740279418,0.667417613,,0.6703775,0.03865975,1,0.03865975
62.802,73,69,120,0.169870563,128,147,1.647649907,52.47838389,,1.739511375,0.753301,1.739435952,0.74934293,,0.70903725,0.04426375,1,0.04426375
63.466,73,69,121,0.169908155,128,147,1.647649907,52.47838389,,1.738847125,0.794153,1.738657498,0.784201696,,0.753301,0.040852,1,0.040852
64.076,73,69,122,0.169945747,128,147,1.647649907,52.47838389,,1.7385865,0.83293075,1.73791857,0.797878875,,0.794153,0.03877775,1,0.03877775
64.737,73,69,123,0.16998334,128,147,1.647649907,52.47838389,,1.737751875,0.871935625,1.737175314,0.841678646,,0.83293075,0.039004875,1,0.039004875
65.408,73,69,124,0.170020932,128,147,1.647649907,52.47838389,,1.736358375,0.912330125,1.736405578,0.914807274,,0.871935625,0.0403945,1,0.0403945
66.029,73,69,125,0.170058524,128,147,1.647649907,52.47838389,,1.735597875,0.954682875,1.735598527,0.954717085,,0.912330125,0.04235275,1,0.04235275
66.642,73,69,126,0.170096117,128,147,1.647649907,52.47838389,,1.7354725,0.990841625,1.734909505,0.961296562,,0.954682875,0.03615875,1,0.03615875
67.305,73,69,127,0.170133709,128,147,1.647649907,52.47838389,,1.73519525,1.02880425,1.73418611,0.975846194,,0.990841625,0.037962625,1,0.037962625
67.968,73,69,128,0.170171302,128,147,1.647649907,52.47838389,,1.73388625,1.071595875,1.733370695,1.044540399,,1.02880425,0.042791625,1,0.042791625
68.638,73,69,129,0.170208894,128,147,1.647649907,52.47838389,,1.732725875,1.110511125,1.732629147,1.105435003,,1.071595875,0.03891525,1,0.03891525
69.251,73,69,130,0.170246486,128,147,1.647649907,52.47838389,,1.73230775,1.149251,1.731890941,1.127377528,,1.110511125,0.038739875,1,0.038739875
69.911,73,69,131,0.170284079,128,147,1.647649907,52.47838389,,1.732137,1.188157875,1.731149552,1.136338212,,1.149251,0.038906875,1,0.038906875
70.573,73,69,132,0.170321671,128,147,1.647649907,52.47838389,,1.731402625,1.228770875,1.730375653,1.174877025,,1.188157875,0.040613,1,0.040613
71.234,73,69,133,0.170359264,128,147,1.647649907,52.47838389,,1.730173625,1.267488375,1.729637873,1.239372959,,1.228770875,0.0387175,1,0.0387175
71.895,73,69,134,0.170396856,128,147,1.647649907,52.47838389,,1.72933075,1.302426875,1.728972103,1.283605677,,1.267488375,0.0349385,1,0.0349385
72.506,73,69,135,0.170434448,128,147,1.647649907,52.47838389,,1.728989375,1.345510875,1.728151118,1.301520485,,1.302426875,0.043084,1,0.043084
73.167,73,69,136,0.170472041,128,147,1.647649907,52.47838389,,1.72849725,1.3891375,1.727319792,1.32734641,,1.345510875,0.043626625,1,0.043626625
73.775,73,69,137,0.170509633,128,147,1.647649907,52.47838389,,1.727124,1.429686125,1.726547119,1.39941235,,1.3891375,0.040548625,1,0.040548625
74.389,73,69,138,0.170547225,128,147,1.647649907,52.47838389,,1.726119125,1.46737575,1.725828926,1.452146566,,1.429686125,0.037689625,1,0.037689625
75.049,73,69,139,0.170584818,128,147,1.647649907,52.47838389,,1.725793125,1.50609575,1.725091098,1.469254519,,1.46737575,0.03872,1,0.03872
75.709,73,69,140,0.17062241,128,147,1.647649907,52.47838389,,1.725406875,1.545006875,1.724349629,1.489524295,,1.50609575,0.038911125,1,0.038911125
76.374,73,69,141,0.170660003,128,147,1.647649907,52.47838389,,1.72440425,1.584032375,1.72360598,1.542140435,,1.545006875,0.0390255,1,0.0390255
77.04,73,69,142,0.170697595,128,147,1.647649907,52.47838389,,1.723021375,1.623513875,1.722853641,1.61471148,,1.584032375,0.0394815,1,0.0394815
77.651,73,69,143,0.170735187,128,147,1.647649907,52.47838389,,1.722621625,1.6660825,1.722042476,1.635689714,,1.623513875,0.042568625,1,0.042568625
78.312,73,69,144,0.17077278,128,147,1.647649907,52.47838389,,1.722369125,1.708702625,1.72123033,1.648940506,,1.6660825,0.042620125,1,0.042620125
78.976,73,69,145,0.170810372,128,147,1.647649907,52.47838389,,1.7214145,1.7481745,1.720478175,1.699037683,,1.708702625,0.039471875,1,0.039471875
79.585,73,69,146,0.170847964,128,147,1.647649907,52.47838389,,1.720161625,1.786698625,1.71974408,1.764786538,,1.7481745,0.038524125,1,0.038524125
80.246,73,69,147,0.170885557,128,147,1.647649907,52.47838389,,1.719483375,1.826273625,1.71898996,1.800380002,,1.786698625,0.039575,1,0.039575
80.907,73,69,148,0.170923149,128,147,1.647649907,52.47838389,,1.719347625,1.863535625,1.718279915,1.807503943,,1.826273625,0.037262,1,0.037262
81.516,73,69,149,0.170960742,128,147,1.647649907,52.47838389,,1.71892725,1.9025075,1.717537288,1.829564543,,1.863535625,0.038971875,1,0.038971875
82.179,73,69,150,0.170998334,128,147,1.647649907,52.47838389,,1.717878375,1.939977375,1.716823282,1.884607808,,1.9025075,0.037469875,1,0.037469875
82.791,73,69,151,0.171035926,128,147,1.647649907,52.47838389,,1.716560625,1.980377625,1.716053437,1.953761199,,1.939977375,0.04040025,1,0.04040025
83.455,73,69,152,0.171073519,128,147,1.647649907,52.47838389,,1.716183625,2.0244295,1.715214008,1.973545549,,1.980377625,0.044051875,1,0.044051875
84.115,73,69,153,0.171111111,128,147,1.647649907,52.47838389,,1.715944125,2.060409,1.714528402,1.986114122,,2.0244295,0.0359795,1,0.0359795
84.725,73,69,154,0.171148703,128,147,1.647649907,52.47838389,,1.715045125,2.09871725,1.71379842,2.033292189,,2.060409,0.03830825,1,0.03830825
85.337,73,69,155,0.171186296,128,147,1.647649907,52.47838389,,1.7137145,2.136548875,1.713077521,2.103121239,,2.09871725,0.037831625,1,0.037831625
86,73,69,156,0.171223888,128,147,1.647649907,52.47838389,,1.713101,2.17455175,1.712353358,2.135316727,,2.136548875,0.038002875,1,0.038002875
86.661,73,69,157,0.171261481,128,147,1.647649907,52.47838389,,1.712814625,2.2141335,1.71159911,2.150345225,,2.17455175,0.03958175,1,0.03958175
87.323,73,69,158,0.171299073,128,147,1.647649907,52.47838389,,1.7122155,2.2508185,1.71090006,2.181786336,,2.2141335,0.036685,1,0.036685
87.984,73,69,159,0.171336665,128,147,1.647649907,52.47838389,,1.710980875,2.29066675,1.710140733,2.246577461,,2.2508185,0.03984825,1,0.03984825
88.609,73,69,160,0.171374258,128,147,1.647649907,52.47838389,,1.709926625,2.33533825,1.709289497,2.301902797,,2.29066675,0.0446715,1,0.0446715
89.272,73,69,161,0.17141185,128,147,1.647649907,52.47838389,,1.70969225,2.372827875,1.708575115,2.314202419,,2.33533825,0.037489625,1,0.037489625
89.96,73,69,162,0.171449443,128,147,1.647649907,52.47838389,,1.7093305,2.411429625,1.70783954,2.333186474,,2.372827875,0.03860175,1,0.03860175
90.622,73,69,163,0.171487035,128,147,1.647649907,52.47838389,,1.70840675,2.44860675,1.707131113,2.381663381,,2.411429625,0.037177125,1,0.037177125
91.284,73,69,164,0.171524627,128,147,1.647649907,52.47838389,,1.70718975,2.486776875,1.706403764,2.445529574,,2.44860675,0.038170125,1,0.038170125
91.894,73,69,165,0.17156222,128,147,1.647649907,52.47838389,,1.706604875,2.523837875,1.705697549,2.476222869,,2.486776875,0.037061,1,0.037061
92.554,73,69,166,0.171599812,128,147,1.647649907,52.47838389,,1.70642575,2.561762375,1.70497488,2.485623059,,2.523837875,0.0379245,1,0.0379245
93.163,73,69,167,0.171637404,128,147,1.647649907,52.47838389,,1.705888375,2.599961125,1.704246985,2.513823631,,2.561762375,0.03819875,1,0.03819875
93.775,73,69,168,0.171674997,128,147,1.647649907,52.47838389,,1.7046735,2.64208675,1.703444262,2.577578308,,2.599961125,0.042125625,1,0.042125625
94.439,73,69,169,0.171712589,128,147,1.647649907,52.47838389,,1.703736875,2.67997175,1.702722345,2.626730874,,2.64208675,0.037885,1,0.037885
95.051,73,69,170,0.171750182,128,147,1.647649907,52.47838389,,1.70332125,2.7182405,1.701993117,2.648542202,,2.67997175,0.03826875,1,0.03826875
100.523,73,69,106,0.169344269,96,147,1.647649907,39.8153974,,1.750401375,0.556502125,1.7502434,0.550212275,,,,106,
101.135,73,69,108,0.169419454,96,147,1.647649907,39.8153974,,1.748519125,0.61782575,1.748703201,0.625154807,,0.556502125,0.061323625,2,0.030661812
101.796,73,69,110,0.169494639,96,147,1.647649907,39.8153974,,1.74779925,0.678354125,1.747182976,0.653816916,,0.61782575,0.060528375,2,0.030264188
102.409,73,69,112,0.169569824,96,147,1.647649907,39.8153974,,1.745410375,0.743567,1.745545095,0.748930923,,0.678354125,0.065212875,2,0.032606437
103.072,73,69,114,0.169645008,96,147,1.647649907,39.8153974,,1.744861375,0.80274575,1.744058767,0.770789577,,0.743567,0.05917875,2,0.029589375
103.731,73,69,116,0.169720193,96,147,1.647649907,39.8153974,,1.742459,0.86372525,1.742527211,0.866441092,,0.80274575,0.0609795,2,0.03048975
104.341,73,69,118,0.169795378,96,147,1.647649907,39.8153974,,1.74180425,0.92246875,1.741051814,0.892510223,,0.86372525,0.0587435,2,0.02937175
104.953,73,69,120,0.169870563,96,147,1.647649907,39.8153974,,1.7395155,0.986735375,1.739437699,0.983637714,,0.92246875,0.064266625,2,0.032133313
105.615,73,69,122,0.169945747,96,147,1.647649907,39.8153974,,1.738593125,1.046347125,1.737940496,1.020362441,,0.986735375,0.05961175,2,0.029805875
106.276,73,69,124,0.170020932,96,147,1.647649907,39.8153974,,1.736494125,1.1051005,1.736464851,1.103934961,,1.046347125,0.058753375,2,0.029376687
106.937,73,69,126,0.170096117,96,147,1.647649907,39.8153974,,1.735502625,1.163834,1.734989706,1.143411927,,1.1051005,0.0587335,2,0.02936675
107.602,73,69,128,0.170171302,96,147,1.647649907,39.8153974,,1.733847,1.227710125,1.733385399,1.209331294,,1.163834,0.063876125,2,0.031938063
108.262,73,69,130,0.170246486,96,147,1.647649907,39.8153974,,1.73236425,1.287811125,1.731875908,1.268367575,,1.227710125,0.060101,2,0.0300505
108.925,73,69,132,0.170321671,96,147,1.647649907,39.8153974,,1.731353875,1.347860625,1.73036771,1.308596057,,1.287811125,0.0600495,2,0.03002475
109.587,73,69,134,0.170396856,96,147,1.647649907,39.8153974,,1.72926675,1.40563925,1.728916547,1.391695768,,1.347860625,0.057778625,2,0.028889312
110.196,73,69,136,0.170472041,96,147,1.647649907,39.8153974,,1.72860075,1.468317875,1.727342316,1.418212823,,1.40563925,0.062678625,2,0.031339313
110.856,73,69,138,0.170547225,96,147,1.647649907,39.8153974,,1.72622475,1.526961875,1.725869418,1.512814207,,1.468317875,0.058644,2,0.029322
111.518,73,69,140,0.17062241,96,147,1.647649907,39.8153974,,1.725504625,1.585057375,1.724410297,1.54148627,,1.526961875,0.0580955,2,0.02904775
112.178,73,69,142,0.170697595,96,147,1.647649907,39.8153974,,1.723074875,1.645215875,1.722899361,1.638227732,,1.585057375,0.0601585,2,0.03007925
112.841,73,69,144,0.17077278,96,147,1.647649907,39.8153974,,1.722413,1.710314375,1.721264353,1.664580548,,1.645215875,0.0650985,2,0.03254925
113.504,73,69,146,0.170847964,96,147,1.647649907,39.8153974,,1.720403875,1.76772275,1.71982249,1.744574659,,1.710314375,0.057408375,2,0.028704188
114.167,73,69,148,0.170923149,96,147,1.647649907,39.8153974,,1.719346625,1.826220625,1.718353262,1.786669487,,1.76772275,0.058497875,2,0.029248938
114.827,73,69,150,0.170998334,96,147,1.647649907,39.8153974,,1.71819375,1.88530925,1.716869197,1.832571664,,1.826220625,0.059088625,2,0.029544313
115.489,73,69,152,0.171073519,96,147,1.647649907,39.8153974,,1.716218,1.948209125,1.71528941,1.911236935,,1.88530925,0.062899875,2,0.031449938
116.152,73,69,154,0.171148703,96,147,1.647649907,39.8153974,,1.715194875,2.007444375,1.713801662,1.951973064,,1.948209125,0.05923525,2,0.029617625
116.815,73,69,156,0.171223888,96,147,1.647649907,39.8153974,,1.713144625,2.063702125,1.712388698,2.033604582,,2.007444375,0.05625775,2,0.028128875
117.477,73,69,158,0.171299073,96,147,1.647649907,39.8153974,,1.712339,2.122652,1.710908118,2.065680862,,2.063702125,0.058949875,2,0.029474938
118.151,73,69,160,0.171374258,96,147,1.647649907,39.8153974,,1.709869,2.18646225,1.709305465,2.164024893,,2.122652,0.06381025,2,0.031905125
118.812,73,69,162,0.171449443,96,147,1.647649907,39.8153974,,1.709412625,2.24301125,1.707885186,2.182195645,,2.18646225,0.056549,2,0.0282745
119.422,73,69,164,0.171524627,96,147,1.647649907,39.8153974,,1.707119875,2.3021885,1.706398895,2.273482398,,2.24301125,0.05917725,2,0.029588625
120.091,73,69,166,0.171599812,96,147,1.647649907,39.8153974,,1.706423875,2.35976375,1.70495284,2.301193914,,2.3021885,0.05757525,2,0.028787625
120.761,73,69,168,0.171674997,96,147,1.647649907,39.8153974,,1.70483775,2.418671375,1.703473321,2.364346111,,2.35976375,0.058907625,2,0.029453813
121.422,73,69,170,0.171750182,96,147,1.647649907,39.8153974,,1.703268625,2.478677875,1.701966204,2.426821447,,2.418671375,0.0600065,2,0.03000325
122.034,73,69,172,0.171825366,96,147,1.647649907,39.8153974,,1.702151625,2.53728125,1.700494326,2.471295246,,2.478677875,0.058603375,2,0.029301688
122.644,73,69,174,0.171900551,96,147,1.647649907,39.8153974,,1.700125875,2.595208,1.699039443,2.551951287,,2.53728125,0.05792675,2,0.028963375
123.304,73,69,176,0.171975736,96,147,1.647649907,39.8153974,,1.69889975,2.65601025,1.697512339,2.600769941,,2.595208,0.06080225,2,0.030401125
123.919,73,69,178,0.172050921,96,147,1.647649907,39.8153974,,1.69707375,2.712491125,1.696093771,2.673472857,,2.65601025,0.056480875,2,0.028240437
129.493,73,69,88,0.168667606,64,147,1.647649907,27.15241091,,1.764076125,0.553410125,1.763997261,0.55126879,,,,88,
130.104,73,69,91,0.168780384,64,147,1.647649907,27.15241091,,1.761395125,0.615308375,1.761717602,0.624064403,,0.553410125,0.06189825,3,0.02063275
130.763,73,69,94,0.168893161,64,147,1.647649907,27.15241091,,1.75904875,0.677153875,1.759439885,0.687774142,,0.615308375,0.0618455,3,0.020615167
131.423,73,69,97,0.169005938,64,147,1.647649907,27.15241091,,1.757554125,0.742050375,1.757049803,0.728356814,,0.677153875,0.0648965,3,0.021632167
132.033,73,69,100,0.169118715,64,147,1.647649907,27.15241091,,1.754873625,0.803327125,1.754793033,0.801138851,,0.742050375,0.06127675,3,0.020425583
132.693,73,69,103,0.169231492,64,147,1.647649907,27.15241091,,1.752327375,0.8653505,1.752508765,0.870275678,,0.803327125,0.062023375,3,0.020674458
133.356,73,69,106,0.169344269,64,147,1.647649907,27.15241091,,1.75008825,0.92880025,1.750171965,0.93107332,,0.8653505,0.06344975,3,0.021149917
133.969,73,69,109,0.169457046,64,147,1.647649907,27.15241091,,1.748319625,0.99091075,1.747884489,0.979095752,,0.92880025,0.0621105,3,0.0207035
134.631,73,69,112,0.169569824,64,147,1.647649907,27.15241091,,1.745396,1.055850875,1.7454928,1.05847922,,0.99091075,0.064940125,3,0.021646708
135.292,73,69,115,0.169682601,64,147,1.647649907,27.15241091,,1.743785375,1.1158775,1.743282071,1.102211572,,1.055850875,0.060026625,3,0.020008875
135.956,73,69,118,0.169795378,64,147,1.647649907,27.15241091,,1.741842,1.176000875,1.741067778,1.154978888,,1.1158775,0.060123375,3,0.020041125
136.616,73,69,121,0.169908155,64,147,1.647649907,27.15241091,,1.73888625,1.240900625,1.738677576,1.235234627,,1.176000875,0.06489975,3,0.02163325
137.226,73,69,124,0.170020932,64,147,1.647649907,27.15241091,,1.736341125,1.3014015,1.736449381,1.304340907,,1.240900625,0.060500875,3,0.020166958
137.886,73,69,127,0.170133709,64,147,1.647649907,27.15241091,,1.735166875,1.36221025,1.734209847,1.336224625,,1.3014015,0.06080875,3,0.020269583
138.55,73,69,130,0.170246486,64,147,1.647649907,27.15241091,,1.732322,1.42567625,1.731872448,1.41346984,,1.36221025,0.063466,3,0.021155333
139.223,73,69,133,0.170359264,64,147,1.647649907,27.15241091,,1.7301495,1.486596,1.729628826,1.472458453,,1.42567625,0.06091975,3,0.020306583
139.885,73,69,136,0.170472041,64,147,1.647649907,27.15241091,,1.728728625,1.54895825,1.727332078,1.511038635,,1.486596,0.06236225,3,0.020787417
140.498,73,69,139,0.170584818,64,147,1.647649907,27.15241091,,1.72582025,1.608904375,1.725124314,1.590008028,,1.54895825,0.059946125,3,0.019982042
141.109,73,69,142,0.170697595,64,147,1.647649907,27.15241091,,1.723138375,1.669894125,1.722878114,1.6628274,,1.608904375,0.06098975,3,0.020329917
141.721,73,69,145,0.170810372,64,147,1.647649907,27.15241091,,1.721725375,1.733921875,1.720520026,1.701193756,,1.669894125,0.06402775,3,0.021342583
142.384,73,69,148,0.170923149,64,147,1.647649907,27.15241091,,1.719327375,1.7941515,1.718301821,1.766305238,,1.733921875,0.060229625,3,0.020076542
143.045,73,69,151,0.171035926,64,147,1.647649907,27.15241091,,1.716729,1.854277125,1.716087446,1.836857383,,1.7941515,0.060125625,3,0.020041875
143.719,73,69,154,0.171148703,64,147,1.647649907,27.15241091,,1.715482625,1.91574125,1.713823775,1.87069947,,1.854277125,0.061464125,3,0.020488042
144.381,73,69,157,0.171261481,64,147,1.647649907,27.15241091,,1.712783375,1.97650525,1.711585889,1.943990615,,1.91574125,0.060764,3,0.020254667
145.044,73,69,160,0.171374258,64,147,1.647649907,27.15241091,,1.709932375,2.038101375,1.709317356,2.021402138,,1.97650525,0.061596125,3,0.020532042
145.656,73,69,163,0.171487035,64,147,1.647649907,27.15241091,,1.708653875,2.097102,1.707144414,2.056116496,,2.038101375,0.059000625,3,0.019666875
146.317,73,69,166,0.171599812,64,147,1.647649907,27.15241091,,1.706455375,2.154467625,1.705031687,2.115811071,,2.097102,0.057365625,3,0.019121875
146.927,73,69,169,0.171712589,64,147,1.647649907,27.15241091,,1.70377275,2.216777625,1.702736863,2.188650807,,2.154467625,0.06231,3,0.02077
147.59,73,69,172,0.171825366,64,147,1.647649907,27.15241091,,1.7023145,2.276829125,1.700525218,2.228245811,,2.216777625,0.0600515,3,0.020017167
148.254,73,69,175,0.171938143,64,147,1.647649907,27.15241091,,1.699906,2.335375,1.698369024,2.293642392,,2.276829125,0.058545875,3,0.019515292
148.915,73,69,178,0.172050921,64,147,1.647649907,27.15241091,,1.697045875,2.3959085,1.696139627,2.371301681,,2.335375,0.0605335,3,0.020177833
149.586,73,69,181,0.172163698,64,147,1.647649907,27.15241091,,1.69567975,2.45449625,1.69398189,2.408395269,,2.3959085,0.05858775,3,0.01952925
150.247,73,69,184,0.172276475,64,147,1.647649907,27.15241091,,1.6934945,2.51552775,1.691734153,2.467730075,,2.45449625,0.0610315,3,0.020343833
150.855,73,69,187,0.172389252,64,147,1.647649907,27.15241091,,1.69090875,2.5735535,1.689597114,2.537939421,,2.51552775,0.05802575,3,0.019341917
151.466,73,69,190,0.172502029,64,147,1.647649907,27.15241091,,1.689412,2.63168775,1.687456079,2.578579792,,2.5735535,0.05813425,3,0.019378083
152.13,73,69,193,0.172614806,64,147,1.647649907,27.15241091,,1.686886625,2.692775125,1.685206284,2.647149812,,2.63168775,0.061087375,3,0.020362458
152.742,73,69,196,0.172727583,64,147,1.647649907,27.15241091,,1.68428175,2.750450625,1.683082145,2.717878448,,2.692775125,0.0576755,3,0.019225167
158.067,73,69,71,0.168028536,48,147,1.647649907,20.82091767,,1.77716675,0.55162375,1.777159415,0.551471025,,,,71,
158.679,73,69,76,0.168216498,48,147,1.647649907,20.82091767,,1.773366625,0.634096875,1.773198344,0.630593114,,0.55162375,0.082473125,5,0.016494625
159.288,73,69,81,0.16840446,48,147,1.647649907,20.82091767,,1.769223875,0.714660625,1.769328978,0.716848971,,0.634096875,0.08056375,5,0.01611275
159.947,73,69,86,0.168592422,48,147,1.647649907,20.82091767,,1.765398625,0.792825125,1.765574845,0.796494186,,0.714660625,0.0781645,5,0.0156329
160.561,73,69,91,0.168780384,48,147,1.647649907,20.82091767,,1.761387625,0.874502375,1.761651999,0.880006887,,0.792825125,0.08167725,5,0.01633545
161.172,73,69,96,0.168968346,48,147,1.647649907,20.82091767,,1.758061375,0.95544325,1.75776452,0.949262465,,0.874502375,0.080940875,5,0.016188175
161.847,73,69,101,0.169156307,48,147,1.647649907,20.82091767,,1.75470475,1.0342705,1.753978556,1.019150477,,0.95544325,0.07882725,5,0.01576545
162.507,73,69,106,0.169344269,48,147,1.647649907,20.82091767,,1.749894,1.1156695,1.750069074,1.119314707,,1.0342705,0.081399,5,0.0162798
163.169,73,69,111,0.169532231,48,147,1.647649907,20.82091767,,1.746074875,1.194056,1.746304279,1.198832394,,1.1156695,0.0783865,5,0.0156773
163.833,73,69,116,0.169720193,48,147,1.647649907,20.82091767,,1.742474875,1.27460425,1.742435657,1.273787698,,1.194056,0.08054825,5,0.01610965
164.442,73,69,121,0.169908155,48,147,1.647649907,20.82091767,,1.738838625,1.35446825,1.738599899,1.34949776,,1.27460425,0.079864,5,0.0159728
165.06,73,69,126,0.170096117,48,147,1.647649907,20.82091767,,1.73547075,1.432368875,1.734858439,1.419620008,,1.35446825,0.077900625,5,0.015580125
165.672,73,69,131,0.170284079,48,147,1.647649907,20.82091767,,1.732130125,1.5112025,1.731072169,1.489174886,,1.432368875,0.078833625,5,0.015766725
166.282,73,69,136,0.170472041,48,147,1.647649907,20.82091767,,1.728735625,1.58943725,1.727314662,1.559851491,,1.5112025,0.07823475,5,0.01564695
166.942,73,69,141,0.170660003,48,147,1.647649907,20.82091767,,1.724060375,1.6680545,1.723538783,1.657194486,,1.58943725,0.07861725,5,0.01572345
167.551,73,69,146,0.170847964,48,147,1.647649907,20.82091767,,1.7201555,1.746818125,1.719755875,1.738497567,,1.6680545,0.078763625,5,0.015752725
168.164,73,69,151,0.171035926,48,147,1.647649907,20.82091767,,1.71674025,1.8228735,1.71610304,1.809606206,,1.746818125,0.076055375,5,0.015211075
168.827,73,69,156,0.171223888,48,147,1.647649907,20.82091767,,1.713168375,1.901476,1.71232787,1.883975922,,1.8228735,0.0786025,5,0.0157205
169.44,73,69,161,0.17141185,48,147,1.647649907,20.82091767,,1.709690875,1.979561375,1.708577537,1.956380663,,1.901476,0.078085375,5,0.015617075
170.051,73,69,166,0.171599812,48,147,1.647649907,20.82091767,,1.706421625,2.0548,1.70496393,2.024449448,,1.979561375,0.075238625,5,0.015047725
170.712,73,69,171,0.171787774,48,147,1.647649907,20.82091767,,1.703068,2.132207,1.701246178,2.094274998,,2.0548,0.077407,5,0.0154814
171.375,73,69,176,0.171975736,48,147,1.647649907,20.82091767,,1.69903775,2.208334625,1.697589873,2.178188501,,2.132207,0.076127625,5,0.015225525
171.988,73,69,181,0.172163698,48,147,1.647649907,20.82091767,,1.69543775,2.28437125,1.693937939,2.253143805,,2.208334625,0.076036625,5,0.015207325
172.65,73,69,186,0.17235166,48,147,1.647649907,20.82091767,,1.691712625,2.36027825,1.69029223,2.330704326,,2.28437125,0.075907,5,0.0151814
173.258,73,69,191,0.172539622,48,147,1.647649907,20.82091767,,1.688274375,2.434870375,1.686709673,2.402291846,,2.36027825,0.074592125,5,0.014918425
173.869,73,69,196,0.172727583,48,147,1.647649907,20.82091767,,1.684250625,2.509924125,1.683104945,2.486070014,,2.434870375,0.07505375,5,0.01501075
174.48,73,69,201,0.172915545,48,147,1.647649907,20.82091767,,1.6809295,2.58448625,1.679523829,2.555218884,,2.509924125,0.074562125,5,0.014912425
175.142,73,69,206,0.173103507,48,147,1.647649907,20.82091767,,1.677619375,2.658168125,1.67598499,2.624138724,,2.58448625,0.073681875,5,0.014736375
175.754,73,69,211,0.173291469,48,147,1.647649907,20.82091767,,1.674190125,2.73300475,1.67239069,2.695538856,,2.658168125,0.074836625,5,0.014967325
181.651,73,69,39,0.16682558,32,147,1.647649907,14.48942443,,1.80095775,0.547390375,1.801993472,0.562397392,,,,39,
182.263,73,69,46,0.167088727,32,147,1.647649907,14.48942443,,1.796674,0.627596375,1.796457987,0.624466464,,0.547390375,0.080206,7,0.011458
182.874,73,69,53,0.167351873,32,147,1.647649907,14.48942443,,1.790484625,0.70655675,1.791008469,0.714146945,,0.627596375,0.078960375,7,0.011280054
183.533,73,69,60,0.16761502,32,147,1.647649907,14.48942443,,1.78475175,0.78656575,1.785486579,0.797213004,,0.70655675,0.080009,7,0.011429857
184.209,73,69,67,0.167878167,32,147,1.647649907,14.48942443,,1.78049675,0.86658125,1.779964241,0.858865505,,0.78656575,0.0800155,7,0.011430786
184.822,73,69,74,0.168141313,32,147,1.647649907,14.48942443,,1.774266375,0.945216,1.774537197,0.949140053,,0.86658125,0.07863475,7,0.011233536
185.483,73,69,81,0.16840446,32,147,1.647649907,14.48942443,,1.7689385,1.02299275,1.769169368,1.026337895,,0.945216,0.07777675,7,0.011110964
186.144,73,69,88,0.168667606,32,147,1.647649907,14.48942443,,1.76387825,1.101466125,1.763753461,1.099658005,,1.02299275,0.078473375,7,0.011210482
186.755,73,69,95,0.168930753,32,147,1.647649907,14.48942443,,1.758209125,1.177878375,1.758479804,1.181800363,,1.101466125,0.07641225,7,0.010916036
187.416,73,69,102,0.1691939,32,147,1.647649907,14.48942443,,1.753776125,1.25654475,1.753050577,1.246031982,,1.177878375,0.078666375,7,0.011238054
188.077,73,69,109,0.169457046,32,147,1.647649907,14.48942443,,1.74830525,1.333669125,1.747727773,1.325301812,,1.25654475,0.077124375,7,0.011017768
188.687,73,69,116,0.169720193,32,147,1.647649907,14.48942443,,1.7422815,1.411569625,1.742351403,1.412582482,,1.333669125,0.0779005,7,0.011128643
189.347,73,69,123,0.16998334,32,147,1.647649907,14.48942443,,1.737198,1.489510875,1.736972221,1.486239471,,1.411569625,0.07794125,7,0.011134464
190.006,73,69,130,0.170246486,32,147,1.647649907,14.48942443,,1.73233325,1.56458975,1.731790589,1.556726899,,1.489510875,0.075078875,7,0.010725554
190.677,73,69,137,0.170509633,32,147,1.647649907,14.48942443,,1.727279375,1.641847,1.726458614,1.629954639,,1.56458975,0.07725725,7,0.01103675
191.342,73,69,144,0.17077278,32,147,1.647649907,14.48942443,,1.72232475,1.719419625,1.721104873,1.701744303,,1.641847,0.077572625,7,0.011081804
191.951,73,69,151,0.171035926,32,147,1.647649907,14.48942443,,1.716632375,1.79305325,1.716022985,1.78422354,,1.719419625,0.073633625,7,0.010519089
192.611,73,69,158,0.171299073,32,147,1.647649907,14.48942443,,1.711871375,1.8689895,1.71078218,1.85320769,,1.79305325,0.07593625,7,0.010848036
193.272,73,69,165,0.17156222,32,147,1.647649907,14.48942443,,1.706584,1.9436415,1.705630008,1.929818711,,1.8689895,0.074652,7,0.010664571
193.933,73,69,172,0.171825366,32,147,1.647649907,14.48942443,,1.70215625,2.0179915,1.70049868,1.99397426,,1.9436415,0.07435,7,0.010621429
194.595,73,69,179,0.172088513,32,147,1.647649907,14.48942443,,1.696754,2.09229025,1.695370888,2.072249753,,2.0179915,0.07429875,7,0.010614107
195.27,73,69,186,0.17235166,32,147,1.647649907,14.48942443,,1.691573,2.166254375,1.690266191,2.147319461,,2.09229025,0.073964125,7,0.010566304
195.882,73,69,193,0.172614806,32,147,1.647649907,14.48942443,,1.686842125,2.2389885,1.685246383,2.215867116,,2.166254375,0.072734125,7,0.010390589
196.544,73,69,200,0.172877953,32,147,1.647649907,14.48942443,,1.68145375,2.311749,1.680224755,2.293941569,,2.2389885,0.0727605,7,0.010394357
197.209,73,69,207,0.1731411,32,147,1.647649907,14.48942443,,1.67732625,2.382741875,1.675325121,2.353746668,,2.311749,0.070992875,7,0.010141839
197.868,73,69,214,0.173404246,32,147,1.647649907,14.48942443,,1.671542125,2.454445375,1.670376443,2.43755531,,2.382741875,0.0717035,7,0.010243357
198.53,73,69,221,0.173667393,32,147,1.647649907,14.48942443,,1.667428375,2.52688075,1.665377253,2.49716118,,2.454445375,0.072435375,7,0.010347911
199.14,73,69,228,0.17393054,32,147,1.647649907,14.48942443,,1.662129625,2.59876925,1.660415807,2.573937018,,2.52688075,0.0718885,7,0.010269786
199.752,73,69,235,0.174193686,32,147,1.647649907,14.48942443,,1.657585,2.670010125,1.655499057,2.639786018,,2.59876925,0.071240875,7,0.010177268
200.413,73,69,242,0.174456833,32,147,1.647649907,14.48942443,,1.6523725,2.741161875,1.650588459,2.715312143,,2.670010125,0.07115175,7,0.010164536
203.838,73,69,10,0.165735401,24,147,1.647649907,11.32367781,,1.824604875,0.54313225,1.825013852,0.547763377,,,,10,
204.449,73,69,18,0.16603614,24,147,1.647649907,11.32367781,,1.8190535,0.61573775,1.818602022,0.610625359,,0.54313225,0.0726055,8,0.009075687
205.112,73,69,26,0.166336879,24,147,1.647649907,11.32367781,,1.812191625,0.688305625,1.812193514,0.688327021,,0.61573775,0.072567875,8,0.009070984
205.774,73,69,34,0.166637618,24,147,1.647649907,11.32367781,,1.806252,0.759974625,1.805864387,0.755585421,,0.688305625,0.071669,8,0.008958625
206.386,73,69,42,0.166938357,24,147,1.647649907,11.32367781,,1.7997155,0.831635,1.799536021,0.829602641,,0.759974625,0.071660375,8,0.008957547
207.051,73,69,50,0.167239096,24,147,1.647649907,11.32367781,,1.793535125,0.902235125,1.793301287,0.899587216,,0.831635,0.070600125,8,0.008825016
207.711,73,69,58,0.167539835,24,147,1.647649907,11.32367781,,1.78711625,0.973351,1.787021006,0.972272488,,0.902235125,0.071115875,8,0.008889484
208.322,73,69,66,0.167840574,24,147,1.647649907,11.32367781,,1.780702,1.044728875,1.780717588,1.044905389,,0.973351,0.071377875,8,0.008922234
208.983,73,69,74,0.168141313,24,147,1.647649907,11.32367781,,1.774249,1.1149585,1.774515573,1.117977081,,1.044728875,0.070229625,8,0.008778703
209.645,73,69,82,0.168442052,24,147,1.647649907,11.32367781,,1.767920625,1.184495,1.768374767,1.189637561,,1.1149585,0.0695365,8,0.008692063
210.262,73,69,90,0.168742791,24,147,1.647649907,11.32367781,,1.7614945,1.2550515,1.762143885,1.26240493,,1.184495,0.0705565,8,0.008819562
210.872,73,69,98,0.16904353,24,147,1.647649907,11.32367781,,1.75580025,1.324318625,1.756026869,1.326884782,,1.2550515,0.069267125,8,0.008658391
211.535,73,69,106,0.169344269,24,147,1.647649907,11.32367781,,1.749421125,1.393492,1.749918131,1.399119939,,1.324318625,0.069173375,8,0.008646672
212.146,73,69,114,0.169645008,24,147,1.647649907,11.32367781,,1.74470875,1.46327075,1.743755933,1.452481355,,1.393492,0.06977875,8,0.008722344
212.764,73,69,122,0.169945747,24,147,1.647649907,11.32367781,,1.738345625,1.53143775,1.737736069,1.524535332,,1.46327075,0.068167,8,0.008520875
213.425,73,69,130,0.170246486,24,147,1.647649907,11.32367781,,1.732259625,1.59938075,1.731735986,1.593451235,,1.53143775,0.067943,8,0.008492875
214.086,73,69,138,0.170547225,24,147,1.647649907,11.32367781,,1.72602375,1.669143875,1.725575168,1.664064275,,1.59938075,0.069763125,8,0.008720391
214.745,73,69,146,0.170847964,24,147,1.647649907,11.32367781,,1.719884375,1.736337625,1.719641252,1.733584579,,1.669143875,0.06719375,8,0.008399219
215.409,73,69,154,0.171148703,24,147,1.647649907,11.32367781,,1.715127125,1.80314425,1.713741524,1.787454145,,1.736337625,0.066806625,8,0.008350828
216.034,73,69,162,0.171449443,24,147,1.647649907,11.32367781,,1.70922175,1.871686875,1.707688488,1.854324709,,1.80314425,0.068542625,8,0.008567828
216.644,73,69,170,0.171750182,24,147,1.647649907,11.32367781,,1.70325225,1.937615625,1.701866285,1.921921404,,1.871686875,0.06592875,8,0.008241094
217.255,73,69,178,0.172050921,24,147,1.647649907,11.32367781,,1.69698025,2.003257875,1.696069383,1.992943511,,1.937615625,0.06564225,8,0.008205281
217.913,73,69,186,0.17235166,24,147,1.647649907,11.32367781,,1.691475875,2.0698575,1.690187935,2.05527328,,2.003257875,0.066599625,8,0.008324953
218.522,73,69,194,0.172652399,24,147,1.647649907,11.32367781,,1.685884125,2.134703375,1.684461361,2.118592455,,2.0698575,0.064845875,8,0.008105734
219.134,73,69,202,0.172953138,24,147,1.647649907,11.32367781,,1.680593375,2.198779125,1.678802798,2.178503204,,2.134703375,0.06407575,8,0.008009469
219.792,73,69,210,0.173253877,24,147,1.647649907,11.32367781,,1.6746935,2.26358675,1.673079602,2.245311487,,2.198779125,0.064807625,8,0.008100953
220.403,73,69,218,0.173554616,24,147,1.647649907,11.32367781,,1.668889625,2.327892125,1.66740076,2.311032698,,2.26358675,0.064305375,8,0.008038172
221.017,73,69,226,0.173855355,24,147,1.647649907,11.32367781,,1.663882875,2.392233625,1.661718728,2.367727522,,2.327892125,0.0643415,8,0.008042688
221.677,73,69,234,0.174156094,24,147,1.647649907,11.32367781,,1.657967125,2.455346375,1.656145208,2.434715569,,2.392233625,0.06311275,8,0.007889094
222.286,73,69,242,0.174456833,24,147,1.647649907,11.32367781,,1.65242575,2.5184965,1.650568386,2.497464314,,2.455346375,0.063150125,8,0.007893766
222.898,73,69,250,0.174757572,24,147,1.647649907,11.32367781,,1.64529675,2.58083575,1.645063174,2.578190813,,2.5184965,0.06233925,8,0.007792406
224.034,73,69,0,0.165359477,16,147,1.647649907,8.157931185,,1.83237625,0.811079875,1.832533689,0.812364251,,,,,
224.64,73,69,9,0.165697809,16,147,1.647649907,8.157931185,,1.825753,0.87009275,1.825299885,0.866396268,,0.811079875,0.059012875,9,0.006556986
225.323,73,69,18,0.16603614,16,147,1.647649907,8.157931185,,1.81888475,0.928522,1.818137622,0.922426979,,0.87009275,0.05842925,9,0.006492139
225.987,73,69,27,0.166374471,16,147,1.647649907,8.157931185,,1.810493625,0.986719875,1.811003721,0.9908812,,0.928522,0.058197875,9,0.006466431
226.645,73,69,36,0.166712803,16,147,1.647649907,8.157931185,,1.80360825,1.04524825,1.803829307,1.047051615,,0.986719875,0.058528375,9,0.006503153
227.256,73,69,45,0.167051134,16,147,1.647649907,8.157931185,,1.796805125,1.1022575,1.796841107,1.102551041,,1.04524825,0.05700925,9,0.006334361
227.917,73,69,54,0.167389466,16,147,1.647649907,8.157931185,,1.790196625,1.158452375,1.789952734,1.156462729,,1.1022575,0.056194875,9,0.006243875
228.53,73,69,63,0.167727797,16,147,1.647649907,8.157931185,,1.78351675,1.216035375,1.782894204,1.210956689,,1.158452375,0.057583,9,0.006398111
229.141,73,69,72,0.168066128,16,147,1.647649907,8.157931185,,1.775240125,1.274513,1.775726011,1.278476827,,1.216035375,0.058477625,9,0.006497514
229.803,73,69,81,0.16840446,16,147,1.647649907,8.157931185,,1.768787625,1.33015375,1.768905563,1.331115878,,1.274513,0.05564075,9,0.006182306
230.464,73,69,90,0.168742791,16,147,1.647649907,8.157931185,,1.76158925,1.385901375,1.762072013,1.389839726,,1.33015375,0.055747625,9,0.006194181
231.125,73,69,99,0.169081123,16,147,1.647649907,8.157931185,,1.755069125,1.44283025,1.755093666,1.443030457,,1.385901375,0.056928875,9,0.006325431
231.785,73,69,108,0.169419454,16,147,1.647649907,8.157931185,,1.748458,1.49888125,1.748222929,1.496963559,,1.44283025,0.056051,9,0.006227889
232.394,73,69,117,0.169757785,16,147,1.647649907,8.157931185,,1.741961375,1.554376625,1.741420301,1.549962579,,1.49888125,0.055495375,9,0.006166153
233.053,73,69,126,0.170096117,16,147,1.647649907,8.157931185,,1.735503875,1.60914125,1.734707248,1.60264242,,1.554376625,0.054764625,9,0.006084958
233.713,73,69,135,0.170434448,16,147,1.647649907,8.157931185,,1.7290115,1.66532275,1.727820514,1.655606768,,1.60914125,0.0561815,9,0.006242389
234.323,73,69,144,0.17077278,16,147,1.647649907,8.157931185,,1.7222555,1.720756875,1.721025394,1.710721751,,1.66532275,0.055434125,9,0.006159347
234.986,73,69,153,0.171111111,16,147,1.647649907,8.157931185,,1.71596825,1.77443175,1.714445922,1.762012704,,1.720756875,0.053674875,9,0.005963875
235.598,73,69,162,0.171449443,16,147,1.647649907,8.157931185,,1.70917825,1.82849275,1.707819119,1.817405057,,1.77443175,0.054061,9,0.006006778
236.208,73,69,171,0.171787774,16,147,1.647649907,8.157931185,,1.702950375,1.882956375,1.701142963,1.868211633,,1.82849275,0.054463625,9,0.006051514
236.867,73,69,180,0.172126105,16,147,1.647649907,8.157931185,,1.69624925,1.935892875,1.694654002,1.922878949,,1.882956375,0.0529365,9,0.005881833
237.476,73,69,189,0.172464437,16,147,1.647649907,8.157931185,,1.690025,1.988764875,1.688172947,1.973655952,,1.935892875,0.052872,9,0.005874667
238.087,73,69,198,0.172802768,16,147,1.647649907,8.157931185,,1.683516375,2.04128825,1.681734626,2.026752867,,1.988764875,0.052523375,9,0.005835931
238.747,73,69,207,0.1731411,16,147,1.647649907,8.157931185,,1.677194125,2.093947125,1.675279696,2.078329348,,2.04128825,0.052658875,9,0.005850986
239.408,73,69,216,0.173479431,16,147,1.647649907,8.157931185,,1.670615125,2.145864125,1.668915705,2.132000377,,2.093947125,0.051917,9,0.005768556
240.07,73,69,225,0.173817762,16,147,1.647649907,8.157931185,,1.664501875,2.19703025,1.662643757,2.18187185,,2.145864125,0.051166125,9,0.005685125
240.729,73,69,234,0.174156094,16,147,1.647649907,8.157931185,,1.6579615,2.248219,1.656369035,2.235227779,,2.19703025,0.05118875,9,0.005687639
241.393,73,69,243,0.174494425,16,147,1.647649907,8.157931185,,1.651848125,2.299169375,1.650123533,2.285100271,,2.248219,0.050950375,9,0.005661153
242.054,73,69,252,0.174832757,16,147,1.647649907,8.157931185,,1.644054125,2.349409875,1.643965048,2.348683187,,2.299169375,0.0502405,9,0.005582278
243.232,73,69,0,0.165359477,8,147,1.647649907,4.992184563,,1.832354125,1.163831375,1.832603464,1.165076123,,,,,
243.894,73,69,9,0.165697809,8,147,1.647649907,4.992184563,,1.825742,1.199566125,1.825445326,1.198085071,,1.163831375,0.03573475,9,0.003970528
244.558,73,69,18,0.16603614,8,147,1.647649907,4.992184563,,1.81892725,1.235626125,1.818222035,1.232105561,,1.199566125,0.03606,9,0.004006667
245.171,73,69,27,0.166374471,8,147,1.647649907,4.992184563,,1.8106975,1.271521625,1.811031696,1.273189992,,1.235626125,0.0358955,9,0.003988389
245.782,73,69,36,0.166712803,8,147,1.647649907,4.992184563,,1.803610875,1.30695275,1.803934377,1.308567732,,1.271521625,0.035431125,9,0.003936792
246.388,73,69,45,0.167051134,8,147,1.647649907,4.992184563,,1.796849625,1.3418815,1.796937691,1.34232114,,1.30695275,0.03492875,9,0.003880972
247.048,73,69,54,0.167389466,8,147,1.647649907,4.992184563,,1.790197,1.3765015,1.790002851,1.375532272,,1.3418815,0.03462,9,0.003846667
247.657,73,69,63,0.167727797,8,147,1.647649907,4.992184563,,1.783562625,1.411835375,1.782925013,1.408652296,,1.3765015,0.035333875,9,0.003925986
248.319,73,69,72,0.168066128,8,147,1.647649907,4.992184563,,1.775340125,1.448077,1.77566534,1.449700534,,1.411835375,0.036241625,9,0.004026847
248.977,73,69,81,0.16840446,8,147,1.647649907,4.992184563,,1.768643,1.482572625,1.768755414,1.483133818,,1.448077,0.034495625,9,0.003832847
249.641,73,69,90,0.168742791,8,147,1.647649907,4.992184563,,1.761549875,1.516592375,1.761940812,1.518544007,,1.482572625,0.03401975,9,0.003779972
250.301,73,69,99,0.169081123,8,147,1.647649907,4.992184563,,1.7549975,1.550988375,1.755050843,1.551254672,,1.516592375,0.034396,9,0.003821778
250.964,73,69,108,0.169419454,8,147,1.647649907,4.992184563,,1.748469,1.58499725,1.748238419,1.583846149,,1.550988375,0.034008875,9,0.003778764
251.623,73,69,117,0.169757785,8,147,1.647649907,4.992184563,,1.741940875,1.619021125,1.741422991,1.616435754,,1.58499725,0.034023875,9,0.003780431
252.284,73,69,126,0.170096117,8,147,1.647649907,4.992184563,,1.73545275,1.653974625,1.734421347,1.648825671,,1.619021125,0.0349535,9,0.003883722
252.942,73,69,135,0.170434448,8,147,1.647649907,4.992184563,,1.7290515,1.687396375,1.727726533,1.680781893,,1.653974625,0.03342175,9,0.003713528
253.553,73,69,144,0.17077278,8,147,1.647649907,4.992184563,,1.722239375,1.721093375,1.720976582,1.714789278,,1.687396375,0.033697,9,0.003744111
254.163,73,69,153,0.171111111,8,147,1.647649907,4.992184563,,1.7160155,1.753962875,1.71439239,1.745860011,,1.721093375,0.0328695,9,0.003652167
254.824,73,69,162,0.171449443,8,147,1.647649907,4.992184563,,1.7090485,1.787135,1.707747579,1.780640561,,1.753962875,0.033172125,9,0.003685792
255.485,73,69,171,0.171787774,8,147,1.647649907,4.992184563,,1.702923,1.819748,1.701214767,1.811220187,,1.787135,0.032613,9,0.003623667
256.147,73,69,180,0.172126105,8,147,1.647649907,4.992184563,,1.696178875,1.852423125,1.694669511,1.844888104,,1.819748,0.032675125,9,0.003630569
256.808,73,69,189,0.172464437,8,147,1.647649907,4.992184563,,1.68999375,1.88596525,1.687950584,1.875765389,,1.852423125,0.033542125,9,0.003726903
257.42,73,69,198,0.172802768,8,147,1.647649907,4.992184563,,1.68343225,1.917596375,1.681614455,1.908521608,,1.88596525,0.031631125,9,0.003514569
258.079,73,69,207,0.1731411,8,147,1.647649907,4.992184563,,1.6771385,1.94974275,1.675175115,1.93994117,,1.917596375,0.032146375,9,0.003571819
258.738,73,69,216,0.173479431,8,147,1.647649907,4.992184563,,1.670602625,1.981796625,1.668754304,1.972569464,,1.94974275,0.032053875,9,0.003561542
259.4,73,69,225,0.173817762,8,147,1.647649907,4.992184563,,1.664476875,2.013574125,1.662388854,2.003150339,,1.981796625,0.0317775,9,0.003530833
260.06,73,69,234,0.174156094,8,147,1.647649907,4.992184563,,1.657970125,2.045072,1.656079417,2.035633236,,2.013574125,0.031497875,9,0.003499764
260.672,73,69,243,0.174494425,8,147,1.647649907,4.992184563,,1.651810125,2.076649125,1.649754105,2.066385093,,2.045072,0.031577125,9,0.003508569
261.333,73,69,252,0.174832757,8,147,1.647649907,4.992184563,,1.644007125,2.10739725,1.643594852,2.105339109,,2.076649125,0.030748125,9,0.003416458
262.554,73,69,0,0.165359477,4,147,1.647649907,3.409311252,,1.832358375,1.341529875,1.832298963,1.341327322,,,,,
263.217,73,69,9,0.165697809,4,147,1.647649907,3.409311252,,1.825744375,1.3657765,1.82518708,1.363876507,,1.341529875,0.024246625,9,0.002694069
263.876,73,69,18,0.16603614,4,147,1.647649907,3.409311252,,1.818833375,1.3901925,1.818025516,1.387438257,,1.3657765,0.024416,9,0.002712889
264.488,73,69,27,0.166374471,4,147,1.647649907,3.409311252,,1.81043225,1.41432425,1.810947327,1.416080307,,1.3901925,0.02413175,9,0.002681306
265.102,73,69,36,0.166712803,4,147,1.647649907,3.409311252,,1.803573125,1.438594375,1.80382855,1.439465199,,1.41432425,0.024270125,9,0.002696681
265.763,73,69,45,0.167051134,4,147,1.647649907,3.409311252,,1.7968275,1.463740125,1.79645294,1.462463134,,1.438594375,0.02514575,9,0.002793972
266.421,73,69,54,0.167389466,4,147,1.647649907,3.409311252,,1.790088375,1.48713875,1.789589787,1.485438909,,1.463740125,0.023398625,9,0.002599847
267.079,73,69,63,0.167727797,4,147,1.647649907,3.409311252,,1.783404625,1.511227875,1.782524101,1.508225893,,1.48713875,0.024089125,9,0.002676569
267.741,73,69,72,0.168066128,4,147,1.647649907,3.409311252,,1.7750615,1.535269625,1.77547231,1.536670203,,1.511227875,0.02404175,9,0.002671306
268.351,73,69,81,0.16840446,4,147,1.647649907,3.409311252,,1.768504,1.55842375,1.768680872,1.559026761,,1.535269625,0.023154125,9,0.002572681
269.019,73,69,90,0.168742791,4,147,1.647649907,3.409311252,,1.761489375,1.581627375,1.761874915,1.582941801,,1.55842375,0.023203625,9,0.002578181
269.68,73,69,99,0.169081123,4,147,1.647649907,3.409311252,,1.75500925,1.605240125,1.754948956,1.605034565,,1.581627375,0.02361275,9,0.002623639
270.289,73,69,108,0.169419454,4,147,1.647649907,3.409311252,,1.74846125,1.628441875,1.748143549,1.627358735,,1.605240125,0.02320175,9,0.002577972
270.949,73,69,117,0.169757785,4,147,1.647649907,3.409311252,,1.74203425,1.652960625,1.740951848,1.649270378,,1.628441875,0.02451875,9,0.002724306
271.608,73,69,126,0.170096117,4,147,1.647649907,3.409311252,,1.735437625,1.6759135,1.734219439,1.671760326,,1.652960625,0.022952875,9,0.002550319
272.269,73,69,135,0.170434448,4,147,1.647649907,3.409311252,,1.728975375,1.698400375,1.727623716,1.693792147,,1.6759135,0.022486875,9,0.002498542
272.928,73,69,144,0.17077278,4,147,1.647649907,3.409311252,,1.722309375,1.72131925,1.72090128,1.716518616,,1.698400375,0.022918875,9,0.002546542
273.547,73,69,153,0.171111111,4,147,1.647649907,3.409311252,,1.71587175,1.743883125,1.714282971,1.738466484,,1.72131925,0.022563875,9,0.002507097
274.157,73,69,162,0.171449443,4,147,1.647649907,3.409311252,,1.7090515,1.766285125,1.707712143,1.761718839,,1.743883125,0.022402,9,0.002489111
274.822,73,69,171,0.171787774,4,147,1.647649907,3.409311252,,1.702742125,1.7883225,1.701248264,1.783229462,,1.766285125,0.022037375,9,0.002448597
275.431,73,69,180,0.172126105,4,147,1.647649907,3.409311252,,1.69611225,1.810441125,1.694760553,1.805832769,,1.7883225,0.022118625,9,0.002457625
276.093,73,69,189,0.172464437,4,147,1.647649907,3.409311252,,1.689936375,1.832810125,1.688199404,1.826888249,,1.810441125,0.022369,9,0.002485444
276.752,73,69,198,0.172802768,4,147,1.647649907,3.409311252,,1.683304375,1.854851375,1.681734388,1.849498802,,1.832810125,0.02204125,9,0.002449028
277.359,73,69,207,0.1731411,4,147,1.647649907,3.409311252,,1.67716825,1.877368125,1.675129902,1.870418762,,1.854851375,0.02251675,9,0.002501861
277.97,73,69,216,0.173479431,4,147,1.647649907,3.409311252,,1.67045725,1.89918225,1.668731505,1.89329865,,1.877368125,0.021814125,9,0.002423792
278.631,73,69,225,0.173817762,4,147,1.647649907,3.409311252,,1.66437025,1.920729625,1.662411351,1.914051127,,1.89918225,0.021547375,9,0.002394153
279.24,73,69,234,0.174156094,4,147,1.647649907,3.409311252,,1.658000375,1.942119125,1.656137503,1.935768014,,1.920729625,0.0213895,9,0.002376611
279.9,73,69,243,0.174494425,4,147,1.647649907,3.409311252,,1.651610625,1.96347,1.649874984,1.95755266,,1.942119125,0.021350875,9,0.002372319
280.564,73,69,252,0.174832757,4,147,1.647649907,3.409311252,,1.6444155,1.9847235,1.643641027,1.982083081,,1.96347,0.0212535,9,0.0023615
281.689,73,69,0,0.165359477,2,147,1.647649907,2.617874597,,1.832368375,1.429960625,1.83216849,1.429437352,,,,,
282.299,73,69,9,0.165697809,2,147,1.647649907,2.617874597,,1.825715,1.449927,1.824541549,1.446855053,,1.429960625,0.019966375,9,0.002218486
282.961,73,69,18,0.16603614,2,147,1.647649907,2.617874597,,1.818890125,1.468557625,1.81742485,1.46472172,,1.449927,0.018630625,9,0.002070069
283.622,73,69,27,0.166374471,2,147,1.647649907,2.617874597,,1.810325125,1.487155375,1.81032071,1.487143816,,1.468557625,0.01859775,9,0.002066417
284.235,73,69,36,0.166712803,2,147,1.647649907,2.617874597,,1.80347175,1.505544625,1.803296213,1.505085092,,1.487155375,0.01838925,9,0.00204325
284.895,73,69,45,0.167051134,2,147,1.647649907,2.617874597,,1.7968525,1.523834125,1.796309821,1.522413459,,1.505544625,0.0182895,9,0.002032167
285.503,73,69,54,0.167389466,2,147,1.647649907,2.617874597,,1.790181125,1.54181175,1.789442561,1.539878282,,1.523834125,0.017977625,9,0.001997514
286.162,73,69,63,0.167727797,2,147,1.647649907,2.617874597,,1.783508625,1.560487375,1.782308673,1.55734605,,1.54181175,0.018675625,9,0.002075069
286.824,73,69,72,0.168066128,2,147,1.647649907,2.617874597,,1.775192125,1.578389875,1.77547011,1.579117604,,1.560487375,0.0179025,9,0.001989167
287.432,73,69,81,0.16840446,2,147,1.647649907,2.617874597,,1.7685785,1.596535875,1.768538532,1.596431245,,1.578389875,0.018146,9,0.002016222
288.045,73,69,90,0.168742791,2,147,1.647649907,2.617874597,,1.7615305,1.614565625,1.761651361,1.614882025,,1.596535875,0.01802975,9,0.002003306
288.708,73,69,99,0.169081123,2,147,1.647649907,2.617874597,,1.755063125,1.6322575,1.754893255,1.631812802,,1.614565625,0.017691875,9,0.001965764
289.367,73,69,108,0.169419454,2,147,1.647649907,2.617874597,,1.7484955,1.651416875,1.747574579,1.64900602,,1.6322575,0.019159375,9,0.002128819
289.977,73,69,117,0.169757785,2,147,1.647649907,2.617874597,,1.7419705,1.669145875,1.740802292,1.666087652,,1.651416875,0.017729,9,0.001969889
290.643,73,69,126,0.170096117,2,147,1.647649907,2.617874597,,1.735462125,1.686585875,1.734140399,1.683125762,,1.669145875,0.01744,9,0.001937778
291.254,73,69,135,0.170434448,2,147,1.647649907,2.617874597,,1.72901525,1.7039765,1.727497367,1.700002872,,1.686585875,0.017390625,9,0.001932292
291.916,73,69,144,0.17077278,2,147,1.647649907,2.617874597,,1.72214575,1.721581,1.720772637,1.717986362,,1.7039765,0.0176045,9,0.001956056
292.578,73,69,153,0.171111111,2,147,1.647649907,2.617874597,,1.71575125,1.738674375,1.714243151,1.734726361,,1.721581,0.017093375,9,0.001899264
293.188,73,69,162,0.171449443,2,147,1.647649907,2.617874597,,1.7090265,1.7558985,1.70766372,1.752330913,,1.738674375,0.017224125,9,0.001913792
293.8,73,69,171,0.171787774,2,147,1.647649907,2.617874597,,1.702856625,1.77285025,1.701188333,1.768482872,,1.7558985,0.01695175,9,0.001883528
294.468,73,69,180,0.172126105,2,147,1.647649907,2.617874597,,1.695983125,1.78971625,1.694745702,1.786476833,,1.77285025,0.016866,9,0.001874
295.129,73,69,189,0.172464437,2,147,1.647649907,2.617874597,,1.68979325,1.80690775,1.688178734,1.80268115,,1.78971625,0.0171915,9,0.001910167
295.788,73,69,198,0.172802768,2,147,1.647649907,2.617874597,,1.683221875,1.823344375,1.68190012,1.819884185,,1.80690775,0.016436625,9,0.001826292
296.457,73,69,207,0.1731411,2,147,1.647649907,2.617874597,,1.67705475,1.839911625,1.675571608,1.836028945,,1.823344375,0.01656725,9,0.001840806
297.067,73,69,216,0.173479431,2,147,1.647649907,2.617874597,,1.67040975,1.85754575,1.668835561,1.853424722,,1.839911625,0.017634125,9,0.001959347
297.683,73,69,225,0.173817762,2,147,1.647649907,2.617874597,,1.664361625,1.874423875,1.662388299,1.869257955,,1.85754575,0.016878125,9,0.001875347
298.344,73,69,234,0.174156094,2,147,1.647649907,2.617874597,,1.657985,1.890843125,1.656116322,1.885951159,,1.874423875,0.01641925,9,0.001824361
299.006,73,69,243,0.174494425,2,147,1.647649907,2.617874597,,1.651340625,1.90714975,1.649887366,1.9033453,,1.890843125,0.016306625,9,0.001811847
299.616,73,69,252,0.174832757,2,147,1.647649907,2.617874597,,1.64489825,1.92329925,1.64371843,1.92021063,,1.90714975,0.0161495,9,0.001794389
300.843,73,69,0,0.165359477,1,147,1.647649907,2.222156269,,1.832340875,1.47556475,1.831443446,1.473570522,,,,,
301.503,73,69,9,0.165697809,1,147,1.647649907,2.222156269,,1.825681625,1.491097625,1.824453445,1.488368416,,1.47556475,0.015532875,9,0.001725875
302.172,73,69,18,0.16603614,1,147,1.647649907,2.222156269,,1.818650375,1.507215,1.817200411,1.503992953,,1.491097625,0.016117375,9,0.001790819
302.832,73,69,27,0.166374471,1,147,1.647649907,2.222156269,,1.810393375,1.522862625,1.81015877,1.522341297,,1.507215,0.015647625,9,0.001738625
303.443,73,69,36,0.166712803,1,147,1.647649907,2.222156269,,1.803488625,1.538662375,1.803048672,1.53768473,,1.522862625,0.01579975,9,0.001755528
304.055,73,69,45,0.167051134,1,147,1.647649907,2.222156269,,1.7968265,1.554214125,1.796050177,1.552489013,,1.538662375,0.01555175,9,0.001727972
304.716,73,69,54,0.167389466,1,147,1.647649907,2.222156269,,1.790100125,1.5690205,1.78938711,1.56743607,,1.554214125,0.014806375,9,0.001645153
305.376,73,69,63,0.167727797,1,147,1.647649907,2.222156269,,1.78335075,1.584937625,1.782224191,1.582434236,,1.5690205,0.015917125,9,0.001768569
306.036,73,69,72,0.168066128,1,147,1.647649907,2.222156269,,1.77505575,1.600414125,1.77525956,1.600867022,,1.584937625,0.0154765,9,0.001719611
306.703,73,69,81,0.16840446,1,147,1.647649907,2.222156269,,1.768307,1.615947,1.768269558,1.615863799,,1.600414125,0.015532875,9,0.001725875
307.314,73,69,90,0.168742791,1,147,1.647649907,2.222156269,,1.761467625,1.6308605,1.761558284,1.631061959,,1.615947,0.0149135,9,0.001657056
307.925,73,69,99,0.169081123,1,147,1.647649907,2.222156269,,1.754988,1.645602,1.754924412,1.645460698,,1.6308605,0.0147415,9,0.001637944
308.584,73,69,108,0.169419454,1,147,1.647649907,2.222156269,,1.748452125,1.662545125,1.74729978,1.659984434,,1.645602,0.016943125,9,0.001882569
309.194,73,69,117,0.169757785,1,147,1.647649907,2.222156269,,1.741978875,1.677485125,1.74057658,1.674369007,,1.662545125,0.01494,9,0.00166
309.853,73,69,126,0.170096117,1,147,1.647649907,2.222156269,,1.735430125,1.692175875,1.733965547,1.688921353,,1.677485125,0.01469075,9,0.001632306
310.523,73,69,135,0.170434448,1,147,1.647649907,2.222156269,,1.728988875,1.706677625,1.727439565,1.703234817,,1.692175875,0.01450175,9,0.001611306
311.132,73,69,144,0.17077278,1,147,1.647649907,2.222156269,,1.722200375,1.721676375,1.720689928,1.718319925,,1.706677625,0.01499875,9,0.001666528
311.792,73,69,153,0.171111111,1,147,1.647649907,2.222156269,,1.715861625,1.735883625,1.714296475,1.732405618,,1.721676375,0.01420725,9,0.001578583
312.455,73,69,162,0.171449443,1,147,1.647649907,2.222156269,,1.709046,1.750452,1.707740512,1.747551002,,1.735883625,0.014568375,9,0.001618708
313.114,73,69,171,0.171787774,1,147,1.647649907,2.222156269,,1.702815,1.76488175,1.701246932,1.761397257,,1.750452,0.01442975,9,0.001603306
313.774,73,69,180,0.172126105,1,147,1.647649907,2.222156269,,1.695994875,1.779443625,1.694693894,1.776552641,,1.76488175,0.014561875,9,0.001617986
314.384,73,69,189,0.172464437,1,147,1.647649907,2.222156269,,1.689839875,1.793723375,1.688267815,1.790230013,,1.779443625,0.01427975,9,0.001586639
315.002,73,69,198,0.172802768,1,147,1.647649907,2.222156269,,1.683267625,1.807880125,1.681897089,1.804834579,,1.793723375,0.01415675,9,0.001572972
315.667,73,69,207,0.1731411,1,147,1.647649907,2.222156269,,1.67708375,1.82201975,1.675534069,1.818576116,,1.807880125,0.014139625,9,0.001571069
316.329,73,69,216,0.173479431,1,147,1.647649907,2.222156269,,1.6704245,1.836111125,1.669192762,1.83337401,,1.82201975,0.014091375,9,0.001565708
316.939,73,69,225,0.173817762,1,147,1.647649907,2.222156269,,1.664399875,1.850055875,1.662917438,1.846761668,,1.836111125,0.01394475,9,0.001549417
317.602,73,69,234,0.174156094,1,147,1.647649907,2.222156269,,1.657980625,1.865193,1.65610553,1.861026245,,1.850055875,0.015137125,9,0.001681903
318.273,73,69,243,0.174494425,1,147,1.647649907,2.222156269,,1.6512355,1.878972125,1.649904739,1.876014967,,1.865193,0.013779125,9,0.001531014
318.885,73,69,252,0.174832757,1,147,1.647649907,2.222156269,,1.64470875,1.892377625,1.643872085,1.890518425,,1.878972125,0.0134055,9,0.0014895
